,PLAYER NAME,PLAYER TEAM,PLAYER POSITION,STATUS,PROJ,PASSING YDS,PASSING TD,PASSING INT,RUSHING CAR,RUSHING YDS,RUSHING TD,RECEIVING REC,RECEIVING YDS,RECEIVING TD,RECEIVING TAR,MISC 2PC,MISC FUML,MISC TD,TOTAL,PASSING COMPLETION,PASSING ATTEMPTS,Opponent,Location,rank,DATE,Week,Free_Agent,did_not_play,Win_Loss
2,Josh Allen,Buf,QB,W 48-20,20.9,320.0,4.0,0.0,4.0,17.0,1.0,0.0,0.0,0.0,0.0,0.0,0.0,0.0,36.5,21.0,25.0,Mia,Home,1.0,10-03-23,4,False,0,1
7,Anthony Richardson,Ind,QB,L 23-29,20.2,200.0,2.0,0.0,10.0,56.0,1.0,0.0,0.0,0.0,0.0,0.0,1.0,0.0,29.6,11.0,25.0,LAR,Home,2.0,10-03-23,4,False,0,0
8,Lamar Jackson,Bal,QB,W 28-3,17.9,186.0,2.0,0.0,9.0,27.0,2.0,0.0,0.0,0.0,0.0,0.0,1.0,0.0,28.14,15.0,19.0,Cle,Away,3.0,10-03-23,4,False,0,1
10,Justin Fields,Chi,QB,L 28-31,20.0,335.0,4.0,1.0,4.0,25.0,0.0,0.0,0.0,0.0,0.0,0.0,1.0,0.0,27.9,28.0,35.0,Den,Home,4.0,10-03-23,4,False,0,0
20,Jalen Hurts,Phi,QB,W 34-31,21.7,319.0,2.0,0.0,9.0,34.0,0.0,0.0,0.0,0.0,0.0,0.0,0.0,0.0,24.16,25.0,37.0,Wsh,Home,5.0,10-03-23,4,False,0,1
21,Joshua Dobbs,Ari,QB,L 16-35,12.5,265.0,2.0,0.0,12.0,48.0,0.0,0.0,0.0,0.0,0.0,0.0,0.0,0.0,23.4,28.0,41.0,SF,Away,6.0,10-03-23,4,False,0,0
22,Justin Herbert,LAC,QB,W 24-17,21.9,167.0,1.0,1.0,12.0,27.0,2.0,0.0,0.0,0.0,0.0,0.0,0.0,0.0,23.38,13.0,24.0,LV,Home,7.0,10-03-23,4,False,0,1
23,Baker Mayfield,TB,QB,W 26-9,13.4,246.0,3.0,1.0,8.0,31.0,0.0,0.0,0.0,0.0,0.0,0.0,0.0,0.0,22.94,25.0,32.0,NO,Away,8.0,10-03-23,4,False,0,1
25,Russell Wilson,Den,QB,W 31-28,18.6,223.0,3.0,0.0,4.0,13.0,0.0,0.0,0.0,0.0,0.0,0.0,0.0,0.0,22.22,21.0,28.0,Chi,Away,9.0,10-03-23,4,False,0,1
27,C.J. Stroud,Hou,QB,W 30-6,15.3,306.0,2.0,0.0,4.0,16.0,0.0,0.0,0.0,0.0,0.0,0.0,0.0,0.0,21.84,16.0,30.0,Pit,Home,10.0,10-03-23,4,False,0,1
29,Brock Purdy,SF,QB,W 35-16,17.9,283.0,1.0,0.0,2.0,0.0,1.0,0.0,0.0,0.0,0.0,0.0,0.0,0.0,21.32,20.0,21.0,Ari,Home,11.0,10-03-23,4,False,0,1
31,Sam Howell,Wsh,QB,L 31-34,14.1,290.0,1.0,0.0,6.0,40.0,0.0,0.0,0.0,0.0,0.0,0.0,0.0,0.0,19.6,29.0,41.0,Phi,Away,12.0,10-03-23,4,False,0,0
34,Zach Wilson,NYJ,QB,L 20-23,12.2,245.0,2.0,0.0,2.0,14.0,0.0,0.0,0.0,0.0,0.0,0.0,1.0,0.0,19.2,28.0,39.0,KC,Home,13.0,10-03-23,4,False,0,0
39,Jordan Love,GB,QB,L 20-34,16.8,246.0,1.0,2.0,2.0,-2.0,1.0,0.0,0.0,0.0,0.0,0.0,0.0,0.0,17.64,23.0,36.0,Det,Home,14.0,10-03-23,4,False,0,0
43,Trevor Lawrence,Jax,QB,W 23-7,15.9,207.0,1.0,0.0,8.0,42.0,0.0,0.0,0.0,0.0,0.0,0.0,0.0,0.0,16.48,23.0,30.0,Atl,Home,15.0,10-03-23,4,False,0,1
45,Matthew Stafford,LAR,QB,W 29-23,14.4,319.0,1.0,1.0,2.0,14.0,0.0,0.0,0.0,0.0,0.0,0.0,0.0,0.0,16.16,27.0,40.0,Ind,Away,16.0,10-03-23,4,False,0,1
59,Dak Prescott,Dal,QB,W 38-3,14.3,261.0,1.0,0.0,1.0,-1.0,0.0,0.0,0.0,0.0,0.0,0.0,0.0,0.0,14.34,28.0,34.0,NE,Home,17.0,10-03-23,4,False,0,1
61,Tua Tagovailoa,Mia,QB,L 20-48,18.5,282.0,1.0,1.0,2.0,7.0,0.0,0.0,0.0,0.0,0.0,0.0,0.0,0.0,13.98,25.0,35.0,Buf,Away,18.0,10-03-23,4,False,0,0
64,Patrick Mahomes,KC,QB,W 23-20,21.2,203.0,1.0,2.0,7.0,51.0,0.0,0.0,0.0,0.0,0.0,0.0,0.0,0.0,13.22,18.0,30.0,NYJ,Away,19.0,10-03-23,4,False,0,1
70,Ryan Tannehill,Ten,QB,W 27-3,13.8,240.0,1.0,1.0,6.0,11.0,0.0,0.0,0.0,0.0,0.0,0.0,0.0,0.0,12.7,18.0,25.0,Cin,Home,20.0,10-03-23,4,False,0,1
80,Jared Goff,Det,QB,W 34-20,15.0,210.0,1.0,1.0,2.0,10.0,0.0,0.0,0.0,0.0,0.0,0.0,0.0,0.0,11.4,19.0,28.0,GB,Away,21.0,10-03-23,4,False,0,1
99,Aidan O'Connell,LV,QB,L 17-24,15.0,238.0,0.0,1.0,3.0,3.0,1.0,0.0,0.0,0.0,0.0,0.0,2.0,0.0,9.82,24.0,39.0,LAC,Away,22.0,10-03-23,4,False,0,0
103,Kirk Cousins,Min,QB,W 21-13,19.1,139.0,2.0,2.0,1.0,0.0,0.0,0.0,0.0,0.0,0.0,0.0,0.0,0.0,9.56,12.0,19.0,Car,Away,23.0,10-03-23,4,False,0,1
108,Geno Smith,Sea,QB,W 24-3,17.4,110.0,1.0,0.0,0.0,0.0,0.0,1.0,-2.0,0.0,1.0,0.0,0.0,0.0,9.2,13.0,20.0,NYG,Away,24.0,10-03-23,4,False,0,1
116,Daniel Jones,NYG,QB,L 3-24,17.6,203.0,0.0,2.0,10.0,66.0,0.0,0.0,0.0,0.0,0.0,0.0,1.0,0.0,8.72,27.0,34.0,Sea,Home,25.0,10-03-23,4,False,0,0
132,Bryce Young,Car,QB,L 13-21,15.4,204.0,0.0,0.0,2.0,10.0,0.0,0.0,0.0,0.0,0.0,0.0,1.0,0.0,7.16,25.0,32.0,Min,Home,26.0,10-03-23,4,False,0,0
147,Desmond Ridder,Atl,QB,L 7-23,13.4,191.0,1.0,2.0,1.0,6.0,0.0,0.0,0.0,0.0,0.0,0.0,1.0,0.0,6.24,19.0,31.0,Jax,Away,27.0,10-03-23,4,False,0,0
174,Joe Burrow,Cin,QB,L 3-27,18.9,165.0,0.0,0.0,3.0,1.0,0.0,0.0,0.0,0.0,0.0,0.0,1.0,0.0,4.7,20.0,30.0,Ten,Away,28.0,10-03-23,4,False,0,0
198,Drew Lock,Sea,QB,W 24-3,0.0,63.0,0.0,0.0,1.0,11.0,0.0,0.0,0.0,0.0,0.0,0.0,0.0,0.0,3.62,2.0,6.0,NYG,Away,29.0,10-03-23,4,False,0,1
201,Kenny Pickett,Pit,QB,L 6-30,16.4,114.0,0.0,1.0,2.0,9.0,0.0,0.0,0.0,0.0,0.0,0.0,0.0,0.0,3.46,15.0,23.0,Hou,Away,30.0,10-03-23,4,False,0,0
209,Derek Carr,NO,QB,L 9-26,14.5,127.0,0.0,0.0,2.0,1.0,0.0,0.0,0.0,0.0,0.0,0.0,1.0,0.0,3.18,23.0,37.0,TB,Home,31.0,10-03-23,4,False,0,0
237,Bailey Zappe,NE,QB,L 3-38,0.0,57.0,0.0,0.0,0.0,0.0,0.0,0.0,0.0,0.0,0.0,0.0,0.0,0.0,2.28,4.0,9.0,Dal,Away,32.0,10-03-23,4,False,0,0
277,Dorian Thompson-Robinson,Cle,QB,L 3-28,12.8,121.0,0.0,3.0,4.0,24.0,0.0,0.0,0.0,0.0,0.0,0.0,0.0,0.0,1.24,19.0,36.0,Bal,Home,33.0,10-03-23,4,False,0,0
286,Tyler Huntley,Bal,QB,W 28-3,0.0,0.0,0.0,0.0,2.0,8.0,0.0,0.0,0.0,0.0,0.0,0.0,0.0,0.0,0.8,0.0,0.0,Cle,Away,34.0,10-03-23,4,False,0,1
287,Mitch Trubisky,Pit,QB,L 6-30,0.0,18.0,0.0,0.0,0.0,0.0,0.0,0.0,0.0,0.0,0.0,0.0,0.0,0.0,0.72,3.0,5.0,Hou,Away,35.0,10-03-23,4,False,0,0
289,Mac Jones,NE,QB,L 3-38,13.6,150.0,0.0,2.0,3.0,7.0,0.0,0.0,0.0,0.0,0.0,0.0,1.0,0.0,0.7,12.0,21.0,Dal,Away,36.0,10-03-23,4,False,0,0
293,Cooper Rush,Dal,QB,W 38-3,0.0,20.0,0.0,0.0,3.0,-2.0,0.0,0.0,0.0,0.0,0.0,0.0,0.0,0.0,0.6,2.0,2.0,NE,Home,37.0,10-03-23,4,False,0,1
347,Gardner Minshew,Ind,QB,L 23-29,0.0,0.0,0.0,0.0,0.0,0.0,0.0,0.0,0.0,0.0,0.0,0.0,0.0,0.0,0.0,0.0,0.0,LAR,Home,38.5,10-03-23,4,False,0,0
420,Tyrod Taylor,NYG,QB,L 3-24,0.0,0.0,0.0,0.0,0.0,0.0,0.0,0.0,0.0,0.0,0.0,0.0,0.0,0.0,0.0,0.0,0.0,Sea,Home,38.5,10-03-23,4,False,0,0
613,Sam Darnold,SF,QB,W 35-16,0.0,0.0,0.0,0.0,1.0,-1.0,0.0,0.0,0.0,0.0,0.0,0.0,0.0,0.0,-0.1,0.0,0.0,Ari,Home,40.0,10-03-23,4,False,0,1
615,Kyle Allen,Buf,QB,W 48-20,0.0,0.0,0.0,0.0,3.0,-3.0,0.0,0.0,0.0,0.0,0.0,0.0,0.0,0.0,-0.3,0.0,0.0,Mia,Home,41.0,10-03-23,4,False,0,1
616,Jameis Winston,NO,QB,L 9-26,0.0,0.0,0.0,1.0,0.0,0.0,0.0,0.0,0.0,0.0,0.0,0.0,0.0,0.0,-2.0,0.0,1.0,TB,Home,42.0,10-03-23,4,False,0,0
1008,Tua Tagovailoa,Mia,QB,W 36-34,17.6,466.0,3.0,1.0,5.0,5.0,0.0,0.0,0.0,0.0,0.0,0.0,1.0,0.0,27.14,28.0,45.0,LAC,Away,1.0,09-12-23,1,False,0,1
1015,Mac Jones,NE,QB,L 20-25,14.7,316.0,3.0,1.0,2.0,15.0,0.0,0.0,0.0,0.0,0.0,0.0,0.0,0.0,24.14,35.0,54.0,Phi,Home,2.0,09-12-23,1,False,0,0
1019,Jordan Love,GB,QB,W 38-20,14.8,245.0,3.0,0.0,3.0,12.0,0.0,0.0,0.0,0.0,0.0,0.0,0.0,0.0,23.0,15.0,27.0,Chi,Away,3.0,09-12-23,1,False,0,1
1023,Anthony Richardson,Ind,QB,L 21-31,17.2,223.0,1.0,1.0,10.0,40.0,1.0,0.0,0.0,0.0,0.0,0.0,0.0,0.0,20.92,24.0,37.0,Jax,Home,4.0,09-12-23,1,False,0,0
1024,Justin Herbert,LAC,QB,L 34-36,16.9,229.0,1.0,0.0,5.0,17.0,1.0,0.0,0.0,0.0,0.0,0.0,0.0,0.0,20.86,23.0,33.0,Mia,Home,5.0,09-12-23,1,False,0,0
1025,Deshaun Watson,Cle,QB,W 24-3,18.5,154.0,1.0,1.0,5.0,45.0,1.0,0.0,0.0,0.0,0.0,0.0,0.0,0.0,20.66,16.0,29.0,Cin,Home,6.0,09-12-23,1,False,0,1
1027,Patrick Mahomes,KC,QB,L 20-21,24.7,226.0,2.0,1.0,6.0,45.0,0.0,0.0,0.0,0.0,0.0,0.0,0.0,0.0,19.54,21.0,39.0,Det,Home,7.0,09-12-23,1,False,0,0
1034,Trevor Lawrence,Jax,QB,W 31-21,18.5,241.0,2.0,1.0,7.0,21.0,0.0,0.0,0.0,0.0,0.0,0.0,0.0,0.0,17.74,24.0,32.0,Ind,Away,8.0,09-12-23,1,False,0,1
1039,Brock Purdy,SF,QB,W 30-7,13.8,220.0,2.0,0.0,3.0,20.0,0.0,0.0,0.0,0.0,0.0,0.0,1.0,0.0,16.8,19.0,29.0,Pit,Away,9.0,09-12-23,1,False,0,1
1043,Kirk Cousins,Min,QB,L 17-20,17.4,344.0,2.0,1.0,3.0,7.0,0.0,0.0,0.0,0.0,0.0,0.0,2.0,0.0,16.46,33.0,44.0,TB,Home,10.0,09-12-23,1,False,0,0
1045,Baker Mayfield,TB,QB,W 20-17,14.7,173.0,2.0,0.0,8.0,11.0,0.0,0.0,0.0,0.0,0.0,0.0,0.0,0.0,16.02,21.0,34.0,Min,Away,11.0,09-12-23,1,False,0,1
1048,Russell Wilson,Den,QB,L 16-17,18.6,177.0,2.0,0.0,1.0,1.0,0.0,0.0,0.0,0.0,0.0,0.0,0.0,0.0,15.18,27.0,34.0,LV,Home,12.5,09-12-23,1,False,0,0
1049,Sam Howell,Wsh,QB,W 20-16,16.6,202.0,1.0,1.0,2.0,11.0,1.0,0.0,0.0,0.0,0.0,0.0,1.0,0.0,15.18,19.0,31.0,Ari,Home,12.5,09-12-23,1,False,0,1
1052,Jimmy Garoppolo,LV,QB,W 17-16,15.4,200.0,2.0,1.0,9.0,11.0,0.0,0.0,0.0,0.0,0.0,0.0,0.0,0.0,15.1,20.0,26.0,Den,Away,14.0,09-12-23,1,False,0,1
1055,Derek Carr,NO,QB,W 16-15,14.8,305.0,1.0,1.0,3.0,4.0,0.0,0.0,0.0,0.0,0.0,0.0,0.0,0.0,14.6,23.0,33.0,Ten,Home,15.0,09-12-23,1,False,0,1
1056,Justin Fields,Chi,QB,L 20-38,19.5,216.0,1.0,1.0,9.0,59.0,0.0,0.0,0.0,0.0,0.0,0.0,1.0,0.0,14.54,24.0,37.0,GB,Home,16.0,09-12-23,1,False,0,0
1057,Matthew Stafford,LAR,QB,W 30-13,16.2,334.0,0.0,0.0,3.0,11.0,0.0,0.0,0.0,0.0,0.0,0.0,0.0,0.0,14.46,24.0,38.0,Sea,Away,17.0,09-12-23,1,False,0,1
1060,Jared Goff,Det,QB,W 21-20,15.8,253.0,1.0,0.0,5.0,-1.0,0.0,0.0,0.0,0.0,0.0,0.0,0.0,0.0,14.02,22.0,35.0,KC,Away,18.0,09-12-23,1,False,0,1
1073,Jalen Hurts,Phi,QB,W 25-20,21.3,170.0,1.0,0.0,9.0,37.0,0.0,0.0,0.0,0.0,0.0,0.0,1.0,0.0,12.5,22.0,33.0,NE,Away,19.0,09-12-23,1,False,0,1
1092,C.J. Stroud,Hou,QB,L 9-25,12.9,242.0,0.0,0.0,4.0,20.0,0.0,1.0,0.0,0.0,1.0,0.0,1.0,0.0,10.68,28.0,44.0,Bal,Away,20.0,09-12-23,1,False,0,0
1101,Kenny Pickett,Pit,QB,L 7-30,14.4,232.0,1.0,2.0,1.0,4.0,0.0,0.0,0.0,0.0,0.0,0.0,0.0,0.0,9.68,31.0,46.0,SF,Home,21.0,09-12-23,1,False,0,0
1110,Geno Smith,Sea,QB,L 13-30,19.2,112.0,1.0,0.0,1.0,6.0,0.0,0.0,0.0,0.0,0.0,0.0,0.0,0.0,9.08,16.0,26.0,LAR,Home,22.0,09-12-23,1,False,0,0
1111,Josh Allen,Buf,QB,L 16-22,21.1,236.0,1.0,3.0,6.0,36.0,0.0,0.0,0.0,0.0,0.0,0.0,1.0,0.0,9.04,29.0,41.0,NYJ,Away,23.0,09-12-23,1,False,0,0
1117,Desmond Ridder,Atl,QB,W 24-10,12.8,115.0,1.0,0.0,1.0,-1.0,0.0,1.0,-6.0,0.0,1.0,0.0,0.0,0.0,8.9,15.0,18.0,Car,Home,24.0,09-12-23,1,False,0,1
1125,Zach Wilson,NYJ,QB,W 22-16,0.0,140.0,1.0,1.0,4.0,6.0,0.0,0.0,0.0,0.0,0.0,0.0,0.0,0.0,8.2,14.0,21.0,Buf,Home,25.0,09-12-23,1,False,0,1
1133,Bryce Young,Car,QB,L 10-24,14.1,146.0,1.0,2.0,3.0,17.0,0.0,0.0,0.0,0.0,0.0,0.0,0.0,0.0,7.54,20.0,38.0,Atl,Away,26.0,09-12-23,1,False,0,0
1152,Lamar Jackson,Bal,QB,W 25-9,22.5,169.0,0.0,1.0,6.0,38.0,0.0,0.0,0.0,0.0,0.0,0.0,1.0,0.0,6.56,17.0,22.0,Hou,Home,27.0,09-12-23,1,False,0,1
1158,Dak Prescott,Dal,QB,W 40-0,18.4,143.0,0.0,0.0,1.0,6.0,0.0,0.0,0.0,0.0,0.0,0.0,0.0,0.0,6.32,13.0,24.0,NYG,Away,28.0,09-12-23,1,False,0,1
1182,Daniel Jones,NYG,QB,L 0-40,17.5,104.0,0.0,2.0,13.0,43.0,0.0,0.0,0.0,0.0,0.0,0.0,0.0,0.0,4.46,15.0,28.0,Dal,Home,29.0,09-12-23,1,False,0,0
1212,Joe Burrow,Cin,QB,L 3-24,19.8,82.0,0.0,0.0,1.0,-1.0,0.0,0.0,0.0,0.0,0.0,0.0,0.0,0.0,3.18,14.0,31.0,Cle,Away,30.0,09-12-23,1,False,0,0
1230,Ryan Tannehill,Ten,QB,L 15-16,14.5,198.0,0.0,3.0,3.0,5.0,0.0,0.0,0.0,0.0,0.0,0.0,0.0,0.0,2.42,16.0,34.0,NO,Away,31.0,09-12-23,1,False,0,0
1268,Joshua Dobbs,Ari,QB,L 16-20,12.2,132.0,0.0,0.0,3.0,-3.0,0.0,0.0,0.0,0.0,0.0,0.0,2.0,0.0,0.98,21.0,30.0,Wsh,Away,32.0,09-12-23,1,False,0,0
1279,Tyrod Taylor,NYG,QB,L 0-40,0.0,6.0,0.0,0.0,0.0,0.0,0.0,0.0,0.0,0.0,0.0,0.0,0.0,0.0,0.24,2.0,2.0,Dal,Home,33.0,09-12-23,1,False,0,0
1297,Aaron Rodgers,NYJ,QB,W 22-16,15.8,0.0,0.0,0.0,0.0,0.0,0.0,0.0,0.0,0.0,0.0,0.0,0.0,0.0,0.0,0.0,1.0,Buf,Home,36.0,09-12-23,1,False,0,1
1325,Gardner Minshew,Ind,QB,L 21-31,0.0,0.0,0.0,0.0,0.0,0.0,0.0,0.0,0.0,0.0,0.0,0.0,0.0,0.0,0.0,0.0,2.0,Jax,Home,36.0,09-12-23,1,False,0,0
1386,Brian Hoyer,LV,QB,W 17-16,0.0,0.0,0.0,0.0,0.0,0.0,0.0,0.0,0.0,0.0,0.0,0.0,0.0,0.0,0.0,0.0,0.0,Den,Away,36.0,09-12-23,1,False,0,1
1396,Cooper Rush,Dal,QB,W 40-0,0.0,0.0,0.0,0.0,0.0,0.0,0.0,0.0,0.0,0.0,0.0,0.0,0.0,0.0,0.0,0.0,1.0,NYG,Away,36.0,09-12-23,1,False,0,1
1397,Sean Clifford,GB,QB,W 38-20,0.0,0.0,0.0,0.0,1.0,0.0,0.0,0.0,0.0,0.0,0.0,0.0,0.0,0.0,0.0,0.0,0.0,Chi,Away,36.0,09-12-23,1,False,0,1
1589,Jake Browning,Cin,QB,L 3-24,0.0,0.0,0.0,0.0,1.0,-1.0,0.0,0.0,0.0,0.0,0.0,0.0,0.0,0.0,-0.1,0.0,1.0,Cle,Away,39.0,09-12-23,1,False,0,0
1591,Sam Darnold,SF,QB,W 30-7,0.0,0.0,0.0,0.0,2.0,-2.0,0.0,0.0,0.0,0.0,0.0,0.0,0.0,0.0,-0.2,0.0,0.0,Pit,Away,40.0,09-12-23,1,False,0,1
2017,Justin Herbert,LAC,QB,W 28-24,20.2,405.0,3.0,0.0,2.0,11.0,0.0,0.0,0.0,0.0,0.0,0.0,0.0,0.0,29.3,40.0,47.0,Min,Away,1.0,09-26-23,3,False,0,1
2018,Tua Tagovailoa,Mia,QB,W 70-20,20.4,309.0,4.0,0.0,0.0,0.0,0.0,0.0,0.0,0.0,0.0,0.0,0.0,0.0,28.36,23.0,26.0,Den,Home,2.0,09-26-23,3,False,0,1
2019,Lamar Jackson,Bal,QB,L 19-22,20.8,202.0,0.0,0.0,14.0,101.0,2.0,0.0,0.0,0.0,0.0,0.0,1.0,0.0,28.18,22.0,31.0,Ind,Home,3.0,09-26-23,3,False,0,0
2022,Patrick Mahomes,KC,QB,W 41-10,24.1,272.0,3.0,0.0,3.0,28.0,0.0,0.0,0.0,0.0,0.0,0.0,0.0,0.0,25.68,24.0,33.0,Chi,Home,4.5,09-26-23,3,False,0,1
2023,Kirk Cousins,Min,QB,L 24-28,19.9,367.0,3.0,1.0,1.0,10.0,0.0,0.0,0.0,0.0,0.0,0.0,0.0,0.0,25.68,32.0,50.0,LAC,Home,4.5,09-26-23,3,False,0,0
2028,Jordan Love,GB,QB,W 18-17,14.0,259.0,1.0,1.0,9.0,39.0,1.0,0.0,0.0,0.0,0.0,0.0,0.0,0.0,24.26,22.0,44.0,NO,Home,6.0,09-26-23,3,False,0,1
2029,Andy Dalton,Car,QB,L 27-37,12.7,361.0,2.0,0.0,2.0,11.0,0.0,0.0,0.0,0.0,0.0,0.0,0.0,0.0,23.54,34.0,58.0,Sea,Away,7.0,09-26-23,3,False,0,0
2034,Josh Allen,Buf,QB,W 37-3,20.8,218.0,1.0,1.0,3.0,46.0,1.0,0.0,0.0,0.0,0.0,0.0,0.0,0.0,21.32,20.0,32.0,Wsh,Away,8.0,09-26-23,3,False,0,1
2035,Deshaun Watson,Cle,QB,W 27-3,17.4,289.0,2.0,0.0,4.0,16.0,0.0,0.0,0.0,0.0,0.0,0.0,0.0,0.0,21.16,27.0,33.0,Ten,Home,9.0,09-26-23,3,False,0,1
2036,C.J. Stroud,Hou,QB,W 37-17,14.2,280.0,2.0,0.0,3.0,14.0,0.0,0.0,0.0,0.0,0.0,0.0,0.0,0.0,20.6,20.0,30.0,Jax,Away,10.0,09-26-23,3,False,0,1
2037,Brock Purdy,SF,QB,W 30-12,17.6,310.0,2.0,0.0,4.0,-1.0,0.0,0.0,0.0,0.0,0.0,0.0,0.0,0.0,20.3,25.0,37.0,NYG,Home,11.0,09-26-23,3,False,0,1
2039,Jalen Hurts,Phi,QB,W 25-11,21.8,277.0,1.0,2.0,10.0,28.0,1.0,0.0,0.0,0.0,0.0,0.0,0.0,0.0,19.88,23.0,37.0,TB,Away,12.0,09-26-23,3,False,0,1
2046,Kenny Pickett,Pit,QB,W 23-18,16.1,235.0,2.0,0.0,3.0,11.0,0.0,0.0,0.0,0.0,0.0,0.0,0.0,0.0,18.5,16.0,28.0,LV,Away,13.0,09-26-23,3,False,0,1
2049,Jared Goff,Det,QB,W 20-6,15.3,243.0,1.0,1.0,5.0,3.0,1.0,0.0,0.0,0.0,0.0,0.0,0.0,0.0,18.02,22.0,33.0,Atl,Home,14.0,09-26-23,3,False,0,1
2052,Jimmy Garoppolo,LV,QB,L 18-23,14.7,324.0,2.0,3.0,2.0,7.0,0.0,0.0,0.0,0.0,0.0,0.0,0.0,0.0,17.66,28.0,44.0,Pit,Home,15.0,09-26-23,3,False,0,0
2058,Joshua Dobbs,Ari,QB,W 28-16,11.0,189.0,1.0,0.0,6.0,55.0,0.0,0.0,0.0,0.0,0.0,0.0,0.0,0.0,17.06,17.0,21.0,Dal,Home,16.0,09-26-23,3,False,0,1
2066,Geno Smith,Sea,QB,W 37-27,16.5,296.0,1.0,1.0,4.0,-4.0,0.0,0.0,0.0,0.0,0.0,0.0,0.0,0.0,15.44,23.0,36.0,Car,Home,17.0,09-26-23,3,False,0,1
2076,Dak Prescott,Dal,QB,L 16-28,17.2,249.0,1.0,1.0,3.0,24.0,0.0,0.0,0.0,0.0,0.0,0.0,0.0,0.0,14.36,25.0,40.0,Ari,Away,18.5,09-26-23,3,False,0,0
2077,Trevor Lawrence,Jax,QB,L 17-37,17.6,279.0,1.0,1.0,3.0,12.0,0.0,0.0,0.0,0.0,0.0,0.0,0.0,0.0,14.36,27.0,40.0,Hou,Home,18.5,09-26-23,3,False,0,0
2078,Russell Wilson,Den,QB,L 20-70,17.0,306.0,1.0,1.0,0.0,0.0,0.0,0.0,0.0,0.0,0.0,0.0,0.0,0.0,14.24,23.0,38.0,Mia,Away,20.0,09-26-23,3,False,0,0
2086,Mac Jones,NE,QB,W 15-10,13.3,201.0,1.0,0.0,4.0,13.0,0.0,0.0,0.0,0.0,0.0,0.0,0.0,0.0,13.34,15.0,29.0,NYJ,Away,21.0,09-26-23,3,False,0,1
2091,Gardner Minshew,Ind,QB,W 22-19,15.2,227.0,1.0,0.0,0.0,0.0,0.0,0.0,0.0,0.0,0.0,0.0,0.0,0.0,13.08,27.0,44.0,Bal,Away,22.0,09-26-23,3,False,0,1
2098,Matthew Stafford,LAR,QB,L 16-19,15.7,269.0,1.0,2.0,1.0,7.0,0.0,0.0,0.0,0.0,0.0,0.0,0.0,0.0,11.46,18.0,33.0,Cin,Away,23.0,09-26-23,3,False,0,0
2105,Justin Fields,Chi,QB,L 10-41,18.7,99.0,1.0,1.0,11.0,47.0,0.0,0.0,0.0,0.0,0.0,0.0,0.0,0.0,10.66,11.0,22.0,KC,Away,24.0,09-26-23,3,False,0,0
2112,Baker Mayfield,TB,QB,L 11-25,14.9,146.0,1.0,1.0,1.0,2.0,0.0,0.0,0.0,0.0,0.0,0.0,0.0,0.0,10.04,15.0,25.0,Phi,Home,25.0,09-26-23,3,False,0,0
2139,Joe Burrow,Cin,QB,W 19-16,19.4,259.0,0.0,1.0,3.0,-2.0,0.0,0.0,0.0,0.0,0.0,0.0,0.0,0.0,8.16,26.0,49.0,LAR,Home,26.0,09-26-23,3,False,0,1
2140,Derek Carr,NO,QB,L 17-18,14.3,103.0,1.0,0.0,0.0,0.0,0.0,0.0,0.0,0.0,0.0,0.0,0.0,0.0,8.12,13.0,18.0,GB,Away,27.0,09-26-23,3,False,0,0
2165,Mike White,Mia,QB,W 70-20,0.0,67.0,1.0,0.0,1.0,-1.0,0.0,0.0,0.0,0.0,0.0,0.0,0.0,0.0,6.58,2.0,2.0,Den,Home,28.0,09-26-23,3,False,0,1
2170,Zach Wilson,NYJ,QB,L 10-15,13.4,157.0,0.0,0.0,1.0,1.0,0.0,0.0,0.0,0.0,0.0,0.0,0.0,0.0,6.38,18.0,36.0,NE,Home,29.0,09-26-23,3,False,0,0
2171,Desmond Ridder,Atl,QB,L 6-20,14.3,201.0,0.0,0.0,2.0,3.0,0.0,0.0,0.0,0.0,0.0,0.0,1.0,0.0,6.34,21.0,38.0,Det,Away,30.0,09-26-23,3,False,0,0
2201,Ryan Tannehill,Ten,QB,L 3-27,13.3,104.0,0.0,0.0,0.0,0.0,0.0,0.0,0.0,0.0,0.0,0.0,0.0,0.0,4.16,13.0,25.0,Cle,Away,31.0,09-26-23,3,False,0,0
2205,Jameis Winston,NO,QB,L 17-18,0.0,101.0,0.0,0.0,0.0,0.0,0.0,0.0,0.0,0.0,0.0,0.0,0.0,0.0,4.04,10.0,16.0,GB,Away,32.0,09-26-23,3,False,0,0
2206,Daniel Jones,NYG,QB,L 12-30,15.8,137.0,0.0,1.0,2.0,5.0,0.0,0.0,0.0,0.0,0.0,0.0,0.0,0.0,3.98,22.0,32.0,SF,Away,33.0,09-26-23,3,False,0,0
2294,Sam Howell,Wsh,QB,L 3-37,15.0,170.0,0.0,4.0,1.0,18.0,0.0,0.0,0.0,0.0,0.0,0.0,0.0,0.0,0.6,19.0,29.0,Buf,Home,34.0,09-26-23,3,False,0,0
2297,C.J. Beathard,Jax,QB,L 17-37,0.0,9.0,0.0,0.0,0.0,0.0,0.0,0.0,0.0,0.0,0.0,0.0,0.0,0.0,0.36,2.0,2.0,Hou,Home,35.0,09-26-23,3,False,0,0
2300,Tyrod Taylor,NYG,QB,L 12-30,0.0,0.0,0.0,0.0,1.0,2.0,0.0,0.0,0.0,0.0,0.0,0.0,0.0,0.0,0.2,0.0,1.0,SF,Away,36.0,09-26-23,3,False,0,0
2371,Dorian Thompson-Robinson,Cle,QB,W 27-3,0.0,0.0,0.0,0.0,0.0,0.0,0.0,0.0,0.0,0.0,0.0,0.0,0.0,0.0,0.0,0.0,0.0,Ten,Home,38.0,09-26-23,3,False,0,1
2413,Malik Willis,Ten,QB,L 3-27,0.0,0.0,0.0,0.0,0.0,0.0,0.0,0.0,0.0,0.0,0.0,0.0,0.0,0.0,0.0,0.0,0.0,Cle,Away,38.0,09-26-23,3,False,0,0
2429,Jarrett Stidham,Den,QB,L 20-70,0.0,0.0,0.0,0.0,0.0,0.0,0.0,0.0,0.0,0.0,0.0,0.0,0.0,0.0,0.0,0.0,0.0,Mia,Away,38.0,09-26-23,3,False,0,0
2614,Sam Darnold,SF,QB,W 30-12,0.0,0.0,0.0,0.0,1.0,-1.0,0.0,0.0,0.0,0.0,0.0,0.0,0.0,0.0,-0.1,0.0,0.0,NYG,Home,40.0,09-26-23,3,False,0,1
2615,Kyle Allen,Buf,QB,W 37-3,0.0,0.0,0.0,0.0,2.0,-2.0,0.0,0.0,0.0,0.0,0.0,0.0,0.0,0.0,-0.2,0.0,0.0,Wsh,Away,41.0,09-26-23,3,False,0,1
2616,Blaine Gabbert,KC,QB,W 41-10,0.0,31.0,0.0,2.0,2.0,-1.0,0.0,0.0,0.0,0.0,0.0,0.0,0.0,0.0,-2.86,3.0,5.0,Chi,Home,42.0,09-26-23,3,False,0,1
3019,Justin Fields,Chi,QB,W 40-20,17.5,282.0,4.0,0.0,11.0,57.0,0.0,0.0,0.0,0.0,0.0,0.0,0.0,0.0,32.98,15.0,29.0,Wsh,Away,1.0,10-10-23,5,False,0,1
3022,Josh Allen,Buf,QB,L 20-25,20.7,359.0,2.0,1.0,4.0,14.0,1.0,0.0,0.0,0.0,0.0,0.0,0.0,0.0,27.76,27.0,40.0,Jax,Home,2.0,10-10-23,5,False,0,0
3025,Jared Goff,Det,QB,W 42-24,14.8,236.0,3.0,0.0,2.0,0.0,1.0,0.0,0.0,0.0,0.0,0.0,0.0,0.0,27.44,20.0,28.0,Car,Home,3.0,10-10-23,5,False,0,1
3026,Jalen Hurts,Phi,QB,W 23-14,21.9,303.0,1.0,1.0,15.0,72.0,1.0,0.0,0.0,0.0,0.0,0.0,0.0,0.0,27.32,25.0,38.0,LAR,Away,4.0,10-10-23,5,False,0,1
3028,Desmond Ridder,Atl,QB,W 21-19,13.4,329.0,1.0,0.0,4.0,10.0,1.0,0.0,0.0,0.0,0.0,0.0,0.0,0.0,26.16,28.0,37.0,Hou,Home,5.0,10-10-23,5,False,0,1
3029,Brock Purdy,SF,QB,W 42-10,16.5,252.0,4.0,0.0,0.0,0.0,0.0,0.0,0.0,0.0,0.0,0.0,0.0,0.0,26.08,17.0,24.0,Dal,Home,6.0,10-10-23,5,False,0,1
3031,Sam Howell,Wsh,QB,L 20-40,16.3,388.0,2.0,1.0,4.0,19.0,0.0,0.0,0.0,0.0,0.0,0.0,0.0,0.0,25.42,37.0,51.0,Chi,Home,7.0,10-10-23,5,False,0,0
3033,Joe Burrow,Cin,QB,W 34-20,18.3,317.0,3.0,1.0,4.0,7.0,0.0,0.0,0.0,0.0,0.0,0.0,0.0,0.0,23.38,36.0,46.0,Ari,Away,8.0,10-10-23,5,False,0,1
3044,Kirk Cousins,Min,QB,L 20-27,17.8,284.0,2.0,0.0,3.0,5.0,0.0,0.0,0.0,0.0,0.0,0.0,0.0,0.0,19.86,29.0,47.0,KC,Home,9.0,10-10-23,5,False,0,0
3048,Patrick Mahomes,KC,QB,W 27-20,22.4,281.0,2.0,0.0,0.0,0.0,0.0,0.0,0.0,0.0,0.0,0.0,0.0,0.0,19.24,31.0,41.0,Min,Away,10.0,10-10-23,5,False,0,1
3049,Russell Wilson,Den,QB,L 21-31,17.7,196.0,2.0,0.0,7.0,49.0,0.0,0.0,0.0,0.0,0.0,0.0,1.0,0.0,18.74,20.0,31.0,NYJ,Home,11.0,10-10-23,5,False,0,0
3054,Bryce Young,Car,QB,L 24-42,12.3,247.0,3.0,2.0,1.0,4.0,0.0,0.0,0.0,0.0,0.0,0.0,0.0,0.0,18.28,25.0,41.0,Det,Away,12.0,10-10-23,5,False,0,0
3057,Tua Tagovailoa,Mia,QB,W 31-16,19.0,308.0,2.0,2.0,2.0,6.0,0.0,0.0,0.0,0.0,0.0,0.0,0.0,0.0,16.92,22.0,30.0,NYG,Home,13.0,10-10-23,5,False,0,1
3059,Matthew Stafford,LAR,QB,L 14-23,15.8,222.0,2.0,0.0,0.0,0.0,0.0,0.0,0.0,0.0,0.0,0.0,0.0,0.0,16.88,21.0,37.0,Phi,Home,14.0,10-10-23,5,False,0,0
3064,Derek Carr,NO,QB,W 34-0,13.5,183.0,2.0,0.0,2.0,4.0,0.0,0.0,0.0,0.0,0.0,0.0,0.0,0.0,15.72,18.0,26.0,NE,Away,15.0,10-10-23,5,False,0,1
3067,Trevor Lawrence,Jax,QB,W 25-20,15.0,315.0,1.0,0.0,7.0,31.0,0.0,0.0,0.0,0.0,0.0,0.0,2.0,0.0,15.7,25.0,37.0,Buf,Away,16.0,10-10-23,5,False,0,1
3072,C.J. Stroud,Hou,QB,L 19-21,16.8,249.0,1.0,0.0,1.0,2.0,0.0,0.0,0.0,0.0,0.0,0.0,0.0,0.0,14.16,20.0,35.0,Atl,Away,17.0,10-10-23,5,False,0,0
3088,Kenny Pickett,Pit,QB,W 17-10,12.7,224.0,1.0,0.0,6.0,-6.0,0.0,0.0,0.0,0.0,0.0,0.0,0.0,0.0,12.36,18.0,32.0,Bal,Home,18.0,10-10-23,5,False,0,1
3098,Jimmy Garoppolo,LV,QB,W 17-13,15.0,208.0,1.0,1.0,4.0,4.0,0.0,0.0,0.0,0.0,0.0,0.0,0.0,0.0,10.72,22.0,31.0,GB,Home,19.0,10-10-23,5,False,0,1
3107,Lamar Jackson,Bal,QB,L 10-17,20.8,236.0,0.0,1.0,6.0,45.0,0.0,0.0,0.0,0.0,0.0,0.0,1.0,0.0,9.94,22.0,38.0,Pit,Away,20.0,10-10-23,5,False,0,0
3112,Ryan Tannehill,Ten,QB,L 16-23,14.4,264.0,0.0,1.0,2.0,12.0,0.0,0.0,0.0,0.0,0.0,0.0,0.0,0.0,9.76,23.0,34.0,Ind,Away,21.0,10-10-23,5,False,0,0
3124,Joshua Dobbs,Ari,QB,L 20-34,18.4,166.0,2.0,2.0,3.0,1.0,0.0,0.0,0.0,0.0,0.0,0.0,1.0,0.0,8.74,15.0,32.0,Cin,Home,22.0,10-10-23,5,False,0,0
3125,Zach Wilson,NYJ,QB,W 31-21,17.4,199.0,0.0,1.0,3.0,26.0,0.0,0.0,0.0,0.0,0.0,0.0,0.0,0.0,8.56,19.0,26.0,Den,Away,23.0,10-10-23,5,False,0,1
3141,Daniel Jones,NYG,QB,L 16-31,15.8,119.0,0.0,0.0,4.0,24.0,0.0,0.0,0.0,0.0,0.0,0.0,0.0,0.0,7.16,14.0,20.0,Mia,Away,24.0,10-10-23,5,False,0,0
3148,Gardner Minshew,Ind,QB,W 23-16,0.0,155.0,0.0,0.0,2.0,1.0,0.0,0.0,0.0,0.0,0.0,0.0,0.0,0.0,6.3,11.0,14.0,Ten,Home,25.0,10-10-23,5,False,0,1
3161,Jordan Love,GB,QB,L 13-17,18.2,182.0,0.0,3.0,2.0,37.0,0.0,0.0,0.0,0.0,0.0,0.0,0.0,0.0,4.98,16.0,30.0,LV,Away,26.0,10-10-23,5,False,0,0
3163,Tyrod Taylor,NYG,QB,L 16-31,0.0,86.0,0.0,0.0,3.0,14.0,0.0,0.0,0.0,0.0,0.0,0.0,0.0,0.0,4.84,9.0,12.0,Mia,Away,27.0,10-10-23,5,False,0,0
3172,Anthony Richardson,Ind,QB,W 23-16,20.6,98.0,0.0,0.0,2.0,5.0,0.0,0.0,0.0,0.0,0.0,0.0,0.0,0.0,4.42,9.0,12.0,Ten,Home,28.0,10-10-23,5,False,0,1
3174,Dak Prescott,Dal,QB,L 10-42,15.7,153.0,1.0,3.0,1.0,2.0,0.0,0.0,0.0,0.0,0.0,0.0,0.0,0.0,4.32,14.0,24.0,SF,Away,29.0,10-10-23,5,False,0,0
3266,Bailey Zappe,NE,QB,L 0-34,0.0,22.0,0.0,0.0,0.0,0.0,0.0,0.0,0.0,0.0,0.0,0.0,0.0,0.0,0.88,3.0,9.0,NO,Home,30.0,10-10-23,5,False,0,0
3273,Cooper Rush,Dal,QB,L 10-42,0.0,8.0,0.0,0.0,1.0,-2.0,0.0,0.0,0.0,0.0,0.0,0.0,0.0,0.0,0.12,2.0,2.0,SF,Away,31.0,10-10-23,5,False,0,0
3276,Andy Dalton,Car,QB,L 24-42,0.0,0.0,0.0,0.0,1.0,1.0,0.0,0.0,0.0,0.0,0.0,0.0,0.0,0.0,0.1,0.0,0.0,Det,Away,32.0,10-10-23,5,False,0,0
3373,Trey Lance,Dal,QB,L 10-42,0.0,0.0,0.0,0.0,0.0,0.0,0.0,0.0,0.0,0.0,0.0,0.0,0.0,0.0,0.0,0.0,0.0,SF,Away,33.0,10-10-23,5,False,0,0
3550,Sam Darnold,SF,QB,W 42-10,0.0,1.0,0.0,0.0,1.0,-1.0,0.0,0.0,0.0,0.0,0.0,0.0,0.0,0.0,-0.06,1.0,1.0,Dal,Home,34.0,10-10-23,5,False,0,1
3551,Teddy Bridgewater,Det,QB,W 42-24,0.0,0.0,0.0,0.0,2.0,-2.0,0.0,0.0,0.0,0.0,0.0,0.0,0.0,0.0,-0.2,0.0,0.0,Car,Home,35.0,10-10-23,5,False,0,1
3552,Jameis Winston,NO,QB,W 34-0,0.0,0.0,0.0,0.0,3.0,-4.0,0.0,0.0,0.0,0.0,0.0,0.0,0.0,0.0,-0.4,0.0,0.0,NE,Away,36.0,10-10-23,5,False,0,1
3554,Mac Jones,NE,QB,L 0-34,12.8,110.0,0.0,2.0,1.0,0.0,0.0,0.0,0.0,0.0,0.0,0.0,1.0,0.0,-1.6,12.0,22.0,NO,Home,37.0,10-10-23,5,False,0,0
4020,Trevor Lawrence,Jax,QB,W 34-14,16.2,262.0,2.0,0.0,5.0,17.0,2.0,0.0,0.0,0.0,0.0,0.0,0.0,0.0,32.18,24.0,32.0,Ten,Home,1.0,11-21-23,11,False,0,1
4026,Brock Purdy,SF,QB,W 27-14,18.4,333.0,3.0,0.0,4.0,14.0,0.0,0.0,0.0,0.0,0.0,0.0,0.0,0.0,26.72,21.0,25.0,TB,Home,2.0,11-21-23,11,False,0,1
4028,Justin Herbert,LAC,QB,L 20-23,18.7,260.0,2.0,0.0,8.0,73.0,0.0,0.0,0.0,0.0,0.0,0.0,0.0,0.0,25.7,21.0,36.0,GB,Away,3.0,11-21-23,11,False,0,0
4029,Lamar Jackson,Bal,QB,W 34-20,21.7,264.0,2.0,0.0,9.0,54.0,0.0,0.0,0.0,0.0,0.0,0.0,0.0,0.0,23.96,16.0,26.0,Cin,Home,4.0,11-21-23,11,False,0,1
4033,Tommy DeVito,NYG,QB,W 31-19,12.0,246.0,3.0,0.0,1.0,7.0,0.0,0.0,0.0,0.0,0.0,0.0,0.0,0.0,22.54,18.0,26.0,Wsh,Away,5.0,11-21-23,11,False,0,1
4034,Josh Allen,Buf,QB,W 32-6,18.9,275.0,3.0,1.0,5.0,15.0,0.0,0.0,0.0,0.0,0.0,0.0,0.0,0.0,22.5,20.0,32.0,NYJ,Home,6.0,11-21-23,11,False,0,1
4036,Kyler Murray,Ari,QB,L 16-21,17.8,214.0,1.0,1.0,7.0,51.0,1.0,0.0,0.0,0.0,0.0,0.0,0.0,0.0,21.66,20.0,30.0,Hou,Away,7.0,11-21-23,11,False,0,0
4040,Justin Fields,Chi,QB,L 26-31,17.9,169.0,1.0,0.0,18.0,104.0,0.0,0.0,0.0,0.0,0.0,0.0,0.0,0.0,21.16,16.0,23.0,Det,Away,8.0,11-21-23,11,False,0,0
4043,Jordan Love,GB,QB,W 23-20,15.9,322.0,2.0,0.0,3.0,0.0,0.0,0.0,0.0,0.0,0.0,0.0,0.0,0.0,20.88,27.0,40.0,LAC,Home,9.0,11-21-23,11,False,0,1
4051,Jalen Hurts,Phi,QB,W 21-17,21.5,150.0,0.0,1.0,12.0,29.0,2.0,0.0,0.0,0.0,0.0,0.0,0.0,0.0,18.9,14.0,22.0,KC,Away,10.0,11-21-23,11,False,0,1
4058,Sam Howell,Wsh,QB,L 19-31,18.1,255.0,1.0,3.0,3.0,35.0,1.0,0.0,0.0,0.0,0.0,0.0,0.0,0.0,17.7,31.0,45.0,NYG,Home,11.0,11-21-23,11,False,0,0
4059,Tua Tagovailoa,Mia,QB,W 20-13,17.7,325.0,2.0,1.0,2.0,6.0,0.0,0.0,0.0,0.0,0.0,0.0,1.0,0.0,17.6,28.0,39.0,LV,Home,12.0,11-21-23,11,False,0,1
4060,Joshua Dobbs,Min,QB,L 20-21,17.4,221.0,1.0,1.0,8.0,21.0,1.0,0.0,0.0,0.0,0.0,0.0,1.0,0.0,16.94,20.0,32.0,Den,Away,13.0,11-21-23,11,False,0,0
4061,Patrick Mahomes,KC,QB,L 17-21,20.9,177.0,2.0,1.0,6.0,38.0,0.0,0.0,0.0,0.0,0.0,0.0,0.0,0.0,16.88,24.0,43.0,Phi,Home,14.0,11-21-23,11,False,0,0
4066,Dak Prescott,Dal,QB,W 33-10,21.2,189.0,2.0,0.0,2.0,6.0,0.0,0.0,0.0,0.0,0.0,0.0,0.0,0.0,16.16,25.0,38.0,Car,Away,15.0,11-21-23,11,False,0,1
4072,C.J. Stroud,Hou,QB,W 21-16,20.2,336.0,2.0,3.0,1.0,-1.0,0.0,0.0,0.0,0.0,0.0,0.0,0.0,0.0,15.34,27.0,37.0,Ari,Home,16.0,11-21-23,11,False,0,1
4077,Russell Wilson,Den,QB,W 21-20,15.1,259.0,1.0,0.0,2.0,1.0,0.0,0.0,0.0,0.0,0.0,0.0,0.0,0.0,14.46,27.0,35.0,Min,Home,17.0,11-21-23,11,False,0,1
4078,Jared Goff,Det,QB,W 31-26,16.6,236.0,2.0,3.0,2.0,3.0,0.0,0.0,0.0,0.0,0.0,0.0,0.0,0.0,13.74,23.0,35.0,Chi,Home,18.0,11-21-23,11,False,0,1
4082,Geno Smith,Sea,QB,L 16-17,16.1,233.0,1.0,0.0,1.0,-1.0,0.0,0.0,0.0,0.0,0.0,0.0,0.0,0.0,13.22,22.0,34.0,LAR,Away,19.0,11-21-23,11,False,0,0
4086,Will Levis,Ten,QB,L 14-34,13.8,158.0,2.0,0.0,4.0,2.0,0.0,0.0,0.0,0.0,0.0,0.0,1.0,0.0,12.52,13.0,17.0,Jax,Away,20.0,11-21-23,11,False,0,0
4097,Jake Browning,Cin,QB,L 20-34,0.0,68.0,1.0,0.0,4.0,40.0,0.0,0.0,0.0,0.0,0.0,0.0,0.0,0.0,10.72,8.0,14.0,Bal,Away,21.0,11-21-23,11,False,0,0
4100,Baker Mayfield,TB,QB,L 14-27,16.6,246.0,1.0,1.0,3.0,5.0,0.0,0.0,0.0,0.0,0.0,0.0,1.0,0.0,10.34,29.0,45.0,SF,Away,22.0,11-21-23,11,False,0,0
4109,Matthew Stafford,LAR,QB,W 17-16,13.8,190.0,1.0,1.0,2.0,1.0,0.0,0.0,0.0,0.0,0.0,0.0,0.0,0.0,9.7,17.0,31.0,Sea,Home,23.0,11-21-23,11,False,0,1
4119,Aidan O'Connell,LV,QB,L 13-20,12.1,271.0,1.0,3.0,1.0,3.0,0.0,0.0,0.0,0.0,0.0,0.0,0.0,0.0,9.14,24.0,41.0,Mia,Away,24.0,11-21-23,11,False,0,0
4125,Joe Burrow,Cin,QB,L 20-34,17.5,101.0,1.0,0.0,1.0,7.0,0.0,0.0,0.0,0.0,0.0,0.0,0.0,0.0,8.74,11.0,17.0,Bal,Away,25.0,11-21-23,11,False,0,0
4149,Zach Wilson,NYJ,QB,L 6-32,13.2,81.0,1.0,1.0,4.0,15.0,0.0,0.0,0.0,0.0,0.0,0.0,0.0,0.0,6.74,7.0,15.0,Buf,Away,26.0,11-21-23,11,False,0,0
4153,Dorian Thompson-Robinson,Cle,QB,W 13-10,11.9,165.0,0.0,1.0,3.0,20.0,0.0,0.0,0.0,0.0,0.0,0.0,0.0,0.0,6.6,24.0,43.0,Pit,Home,27.0,11-21-23,11,False,0,1
4170,Bryce Young,Car,QB,L 10-33,13.1,123.0,1.0,1.0,2.0,3.0,0.0,0.0,0.0,0.0,0.0,0.0,1.0,0.0,5.22,16.0,29.0,Dal,Home,28.0,11-21-23,11,False,0,0
4173,Kenny Pickett,Pit,QB,L 10-13,12.3,106.0,0.0,0.0,4.0,9.0,0.0,0.0,0.0,0.0,0.0,0.0,0.0,0.0,5.14,15.0,28.0,Cle,Away,29.0,11-21-23,11,False,0,0
4267,Cooper Rush,Dal,QB,W 33-10,0.0,15.0,0.0,0.0,3.0,-3.0,0.0,0.0,0.0,0.0,0.0,0.0,0.0,0.0,0.3,2.0,3.0,Car,Away,30.0,11-21-23,11,False,0,1
4268,Davis Mills,Hou,QB,W 21-16,0.0,2.0,0.0,0.0,0.0,0.0,0.0,0.0,0.0,0.0,0.0,0.0,0.0,0.0,0.08,1.0,1.0,Ari,Home,31.0,11-21-23,11,False,0,1
4437,C.J. Beathard,Jax,QB,W 34-14,0.0,0.0,0.0,0.0,0.0,0.0,0.0,0.0,0.0,0.0,0.0,0.0,0.0,0.0,0.0,0.0,0.0,Ten,Home,32.0,11-21-23,11,False,0,1
4570,Kyle Allen,Buf,QB,W 32-6,0.0,0.0,0.0,0.0,2.0,-2.0,0.0,0.0,0.0,0.0,0.0,0.0,0.0,0.0,-0.2,0.0,0.0,NYJ,Home,33.0,11-21-23,11,False,0,1
4572,Tim Boyle,NYJ,QB,L 6-32,0.0,33.0,0.0,1.0,1.0,1.0,0.0,0.0,0.0,0.0,0.0,0.0,0.0,0.0,-0.58,7.0,14.0,Buf,Away,34.0,11-21-23,11,False,0,0
4574,Drew Lock,Sea,QB,L 16-17,0.0,3.0,0.0,1.0,0.0,0.0,0.0,0.0,0.0,0.0,0.0,0.0,0.0,0.0,-1.88,2.0,6.0,LAR,Away,35.0,11-21-23,11,False,0,0
5031,Geno Smith,Sea,QB,L 35-41,14.8,334.0,3.0,1.0,2.0,6.0,1.0,0.0,0.0,0.0,0.0,0.0,0.0,0.0,29.96,23.0,41.0,Dal,Away,1.0,12-05-23,13,False,0,0
5033,Brock Purdy,SF,QB,W 42-19,18.8,314.0,4.0,0.0,2.0,9.0,0.0,0.0,0.0,0.0,0.0,0.0,0.0,0.0,29.46,19.0,27.0,Phi,Away,2.0,12-05-23,13,False,0,1
5037,Dak Prescott,Dal,QB,W 41-35,22.4,299.0,3.0,0.0,7.0,23.0,0.0,0.0,0.0,0.0,0.0,0.0,0.0,0.0,28.26,29.0,41.0,Sea,Home,3.0,12-05-23,13,False,0,1
5040,Jake Browning,Cin,QB,W 34-31,15.2,354.0,1.0,0.0,2.0,22.0,1.0,1.0,-7.0,0.0,1.0,0.0,0.0,0.0,26.66,32.0,37.0,Jax,Away,4.0,12-05-23,13,False,0,1
5042,Trevor Lawrence,Jax,QB,L 31-34,17.7,258.0,2.0,0.0,5.0,8.0,1.0,0.0,0.0,0.0,0.0,0.0,0.0,0.0,25.12,22.0,29.0,Cin,Home,5.0,12-05-23,13,False,0,0
5045,Jalen Hurts,Phi,QB,L 19-42,21.2,298.0,1.0,0.0,7.0,20.0,1.0,0.0,0.0,0.0,0.0,0.0,0.0,0.0,23.92,26.0,45.0,SF,Home,6.0,12-05-23,13,False,0,0
5047,Jordan Love,GB,QB,W 27-19,16.3,267.0,3.0,0.0,2.0,10.0,0.0,0.0,0.0,0.0,0.0,0.0,0.0,0.0,23.68,25.0,36.0,KC,Home,7.0,12-05-23,13,False,0,1
5049,Matthew Stafford,LAR,QB,W 36-19,12.2,279.0,3.0,0.0,1.0,-2.0,0.0,0.0,0.0,0.0,0.0,0.0,0.0,0.0,22.96,22.0,37.0,Cle,Home,8.0,12-05-23,13,False,0,1
5059,Tua Tagovailoa,Mia,QB,W 45-15,18.3,280.0,2.0,0.0,0.0,0.0,0.0,0.0,0.0,0.0,0.0,0.0,0.0,0.0,19.2,18.0,24.0,Wsh,Away,9.0,12-05-23,13,False,0,1
5060,Sam Howell,Wsh,QB,L 15-45,16.5,127.0,0.0,1.0,4.0,21.0,2.0,0.0,0.0,0.0,0.0,0.0,0.0,0.0,19.18,12.0,23.0,Mia,Home,10.0,12-05-23,13,False,0,0
5063,Gardner Minshew,Ind,QB,W 31-28,13.7,312.0,2.0,0.0,3.0,2.0,0.0,0.0,0.0,0.0,0.0,0.0,1.0,0.0,18.68,26.0,42.0,Ten,Away,11.0,12-05-23,13,False,0,1
5070,Jared Goff,Det,QB,W 33-28,15.4,213.0,2.0,0.0,2.0,-2.0,0.0,0.0,0.0,0.0,0.0,0.0,0.0,0.0,16.32,16.0,25.0,NO,Away,12.0,12-05-23,13,False,0,1
5071,Joe Flacco,Cle,QB,L 19-36,12.2,254.0,2.0,1.0,0.0,0.0,0.0,0.0,0.0,0.0,0.0,0.0,0.0,0.0,16.16,23.0,44.0,LAR,Away,13.0,12-05-23,13,False,0,0
5072,C.J. Stroud,Hou,QB,W 22-17,19.8,274.0,1.0,0.0,6.0,11.0,0.0,0.0,0.0,0.0,0.0,0.0,0.0,0.0,16.06,16.0,27.0,Den,Home,14.0,12-05-23,13,False,0,1
5075,Russell Wilson,Den,QB,L 17-22,16.9,186.0,1.0,3.0,10.0,44.0,1.0,0.0,0.0,0.0,0.0,0.0,0.0,0.0,15.84,15.0,26.0,Hou,Away,15.0,12-05-23,13,False,0,0
5086,Patrick Mahomes,KC,QB,L 19-27,19.0,210.0,1.0,1.0,4.0,26.0,0.0,0.0,0.0,0.0,0.0,0.0,0.0,0.0,13.0,21.0,33.0,GB,Away,16.0,12-05-23,13,False,0,0
5097,Kyler Murray,Ari,QB,W 24-10,16.6,145.0,1.0,0.0,9.0,20.0,0.0,0.0,0.0,0.0,0.0,0.0,0.0,0.0,11.8,13.0,23.0,Pit,Away,17.0,12-05-23,13,False,0,1
5098,Will Levis,Ten,QB,L 28-31,14.7,224.0,1.0,0.0,2.0,5.0,0.0,0.0,0.0,0.0,0.0,0.0,1.0,0.0,11.46,16.0,33.0,Ind,Home,18.0,12-05-23,13,False,0,0
5113,Baker Mayfield,TB,QB,W 21-18,16.3,202.0,1.0,1.0,2.0,-2.0,0.0,0.0,0.0,0.0,0.0,0.0,0.0,0.0,9.88,14.0,29.0,Car,Home,19.0,12-05-23,13,False,0,1
5122,Derek Carr,NO,QB,L 28-33,15.8,226.0,1.0,1.0,2.0,-1.0,0.0,0.0,0.0,0.0,0.0,0.0,1.0,0.0,8.94,17.0,22.0,Det,Home,20.0,12-05-23,13,False,0,0
5123,Desmond Ridder,Atl,QB,W 13-8,12.4,121.0,1.0,0.0,3.0,0.0,0.0,0.0,0.0,0.0,0.0,0.0,0.0,0.0,8.84,12.0,27.0,NYJ,Away,21.0,12-05-23,13,False,0,1
5128,Justin Herbert,LAC,QB,W 6-0,18.6,212.0,0.0,0.0,4.0,-5.0,0.0,0.0,0.0,0.0,0.0,0.0,0.0,0.0,7.98,22.0,37.0,NE,Away,22.0,12-05-23,13,False,0,1
5136,Bailey Zappe,NE,QB,L 0-6,14.0,141.0,0.0,0.0,4.0,16.0,0.0,0.0,0.0,0.0,0.0,0.0,0.0,0.0,7.24,13.0,25.0,LAC,Home,23.0,12-05-23,13,False,0,0
5139,Mitch Trubisky,Pit,QB,L 10-24,0.0,117.0,1.0,0.0,3.0,5.0,0.0,0.0,0.0,0.0,0.0,0.0,1.0,0.0,7.18,11.0,17.0,Ari,Home,24.0,12-05-23,13,False,0,0
5140,Bryce Young,Car,QB,L 18-21,13.0,178.0,0.0,1.0,0.0,0.0,0.0,0.0,0.0,0.0,0.0,0.0,0.0,0.0,7.12,15.0,31.0,TB,Away,25.0,12-05-23,13,False,0,0
5182,C.J. Beathard,Jax,QB,L 31-34,0.0,63.0,0.0,0.0,1.0,7.0,0.0,0.0,0.0,0.0,0.0,0.0,0.0,0.0,3.22,9.0,10.0,Cin,Home,26.0,12-05-23,13,False,0,0
5187,Kenny Pickett,Pit,QB,L 10-24,14.9,70.0,0.0,0.0,3.0,3.0,0.0,0.0,0.0,0.0,0.0,0.0,0.0,0.0,3.1,7.0,10.0,Ari,Home,27.0,12-05-23,13,False,0,0
5232,Jameis Winston,NO,QB,L 28-33,0.0,41.0,0.0,0.0,0.0,0.0,0.0,0.0,0.0,0.0,0.0,0.0,0.0,0.0,1.64,2.0,5.0,Det,Home,28.0,12-05-23,13,False,0,0
5241,Trevor Siemian,NYJ,QB,L 8-13,0.0,66.0,0.0,0.0,1.0,8.0,0.0,0.0,0.0,0.0,0.0,0.0,1.0,0.0,1.44,5.0,13.0,Atl,Home,29.0,12-05-23,13,False,0,0
5243,Marcus Mariota,Phi,QB,L 19-42,0.0,16.0,0.0,0.0,2.0,6.0,0.0,0.0,0.0,0.0,0.0,0.0,0.0,0.0,1.24,2.0,3.0,SF,Home,30.0,12-05-23,13,False,0,0
5251,Davis Mills,Hou,QB,W 22-17,0.0,18.0,0.0,0.0,0.0,0.0,0.0,0.0,0.0,0.0,0.0,0.0,0.0,0.0,0.72,1.0,1.0,Den,Home,31.0,12-05-23,13,False,0,1
5258,Mike White,Mia,QB,W 45-15,0.0,3.0,0.0,0.0,0.0,0.0,0.0,0.0,0.0,0.0,0.0,0.0,0.0,0.0,0.12,1.0,1.0,Wsh,Away,32.0,12-05-23,13,False,0,1
5314,Ryan Tannehill,Ten,QB,L 28-31,0.0,0.0,0.0,0.0,0.0,0.0,0.0,0.0,0.0,0.0,0.0,0.0,0.0,0.0,0.0,0.0,0.0,Ind,Home,33.5,12-05-23,13,False,0,0
5321,Jacoby Brissett,Wsh,QB,L 15-45,0.0,0.0,0.0,0.0,0.0,0.0,0.0,0.0,0.0,0.0,0.0,0.0,0.0,0.0,0.0,0.0,0.0,Mia,Home,33.5,12-05-23,13,False,0,0
5558,Sam Darnold,SF,QB,W 42-19,0.0,0.0,0.0,0.0,1.0,-1.0,0.0,0.0,0.0,0.0,0.0,0.0,0.0,0.0,-0.1,0.0,0.0,Phi,Away,35.0,12-05-23,13,False,0,1
6030,C.J. Stroud,Hou,QB,W 39-37,16.2,470.0,5.0,0.0,0.0,10.0,0.0,0.0,0.0,0.0,0.0,0.0,0.0,0.0,41.8,30.0,42.0,TB,Home,1.0,11-07-23,9,False,0,1
6032,Dak Prescott,Dal,QB,L 23-28,17.4,374.0,3.0,0.0,6.0,14.0,0.0,0.0,0.0,0.0,0.0,0.0,0.0,0.0,28.36,29.0,44.0,Phi,Away,2.0,11-07-23,9,False,0,0
6037,Jalen Hurts,Phi,QB,W 28-23,21.0,207.0,2.0,0.0,10.0,36.0,1.0,0.0,0.0,0.0,0.0,0.0,0.0,0.0,25.88,17.0,23.0,Dal,Home,3.0,11-07-23,9,False,0,1
6038,Joshua Dobbs,Min,QB,W 31-28,0.0,158.0,2.0,0.0,7.0,66.0,1.0,0.0,0.0,0.0,0.0,0.0,2.0,0.0,24.92,20.0,30.0,Atl,Away,4.0,11-07-23,9,False,0,1
6040,Josh Allen,Buf,QB,L 18-24,22.5,258.0,1.0,1.0,8.0,44.0,1.0,0.0,0.0,0.0,0.0,0.0,0.0,0.0,24.72,26.0,38.0,Cin,Away,5.0,11-07-23,9,False,0,0
6045,Joe Burrow,Cin,QB,W 24-18,18.2,348.0,2.0,0.0,5.0,4.0,0.0,0.0,0.0,0.0,0.0,0.0,0.0,0.0,22.32,31.0,44.0,Buf,Home,6.0,11-07-23,9,False,0,1
6056,Baker Mayfield,TB,QB,L 37-39,16.0,265.0,2.0,0.0,4.0,4.0,0.0,0.0,0.0,0.0,0.0,0.0,0.0,0.0,19.0,21.0,30.0,Hou,Away,7.0,11-07-23,9,False,0,0
6057,Deshaun Watson,Cle,QB,W 27-0,15.4,219.0,2.0,0.0,3.0,22.0,0.0,0.0,0.0,0.0,0.0,0.0,0.0,0.0,18.96,19.0,30.0,Ari,Home,8.0,11-07-23,9,False,0,1
6061,Sam Howell,Wsh,QB,W 20-17,16.5,325.0,1.0,1.0,5.0,27.0,0.0,0.0,0.0,0.0,0.0,0.0,0.0,0.0,17.7,29.0,45.0,NE,Away,9.0,11-07-23,9,False,0,1
6066,Derek Carr,NO,QB,W 24-17,14.5,211.0,2.0,0.0,3.0,3.0,0.0,0.0,0.0,0.0,0.0,0.0,0.0,0.0,16.74,25.0,34.0,Chi,Home,10.0,11-07-23,9,False,0,1
6069,Patrick Mahomes,KC,QB,W 21-14,21.8,185.0,2.0,0.0,6.0,24.0,0.0,0.0,0.0,0.0,0.0,0.0,1.0,0.0,15.8,20.0,30.0,Mia,Home,11.5,11-07-23,9,False,0,1
6070,Tyson Bagent,Chi,QB,L 17-24,12.1,220.0,2.0,3.0,8.0,70.0,0.0,0.0,0.0,0.0,0.0,0.0,1.0,0.0,15.8,18.0,30.0,NO,Away,11.5,11-07-23,9,False,0,0
6073,Taylor Heinicke,Atl,QB,L 28-31,13.5,268.0,1.0,1.0,3.0,20.0,0.0,0.0,0.0,0.0,0.0,0.0,0.0,0.0,14.72,21.0,38.0,Min,Home,13.0,11-07-23,9,False,0,0
6086,Jordan Love,GB,QB,W 20-3,14.7,228.0,1.0,0.0,4.0,7.0,0.0,0.0,0.0,0.0,0.0,0.0,0.0,0.0,13.82,20.0,26.0,LAR,Home,14.0,11-07-23,9,False,0,1
6097,Tua Tagovailoa,Mia,QB,L 14-21,19.2,193.0,1.0,0.0,2.0,7.0,0.0,0.0,0.0,0.0,0.0,0.0,0.0,0.0,12.42,21.0,34.0,KC,Away,15.0,11-07-23,9,False,0,0
6103,Lamar Jackson,Bal,QB,W 37-3,20.3,187.0,0.0,0.0,10.0,60.0,0.0,0.0,0.0,0.0,0.0,0.0,1.0,0.0,11.48,21.0,26.0,Sea,Home,16.0,11-07-23,9,False,0,1
6105,Mac Jones,NE,QB,L 17-20,13.4,220.0,1.0,1.0,3.0,3.0,0.0,0.0,0.0,0.0,0.0,0.0,0.0,0.0,11.1,24.0,44.0,Wsh,Home,17.0,11-07-23,9,False,0,0
6113,Kenny Pickett,Pit,QB,W 20-16,15.4,160.0,1.0,0.0,1.0,-1.0,0.0,0.0,0.0,0.0,0.0,0.0,0.0,0.0,10.3,19.0,30.0,Ten,Home,18.0,11-07-23,9,False,0,1
6122,Gardner Minshew,Ind,QB,W 27-13,14.2,127.0,1.0,0.0,5.0,5.0,0.0,0.0,0.0,0.0,0.0,0.0,0.0,0.0,9.58,17.0,26.0,Car,Away,19.0,11-07-23,9,False,0,1
6128,Bryce Young,Car,QB,L 13-27,14.7,173.0,1.0,3.0,5.0,41.0,0.0,0.0,0.0,0.0,0.0,0.0,0.0,0.0,9.02,24.0,39.0,Ind,Home,20.0,11-07-23,9,False,0,0
6131,Tommy DeVito,NYG,QB,L 6-30,0.0,175.0,1.0,2.0,4.0,17.0,0.0,0.0,0.0,0.0,0.0,0.0,0.0,0.0,8.7,15.0,20.0,LV,Away,21.0,11-07-23,9,False,0,0
6132,Will Levis,Ten,QB,L 16-20,15.0,262.0,0.0,1.0,1.0,2.0,0.0,0.0,0.0,0.0,0.0,0.0,0.0,0.0,8.68,22.0,39.0,Pit,Away,22.0,11-07-23,9,False,0,0
6138,Aidan O'Connell,LV,QB,W 30-6,11.7,209.0,0.0,0.0,0.0,0.0,0.0,0.0,0.0,0.0,0.0,0.0,0.0,0.0,8.36,16.0,25.0,NYG,Home,23.0,11-07-23,9,False,0,1
6151,Zach Wilson,NYJ,QB,L 6-27,14.7,263.0,0.0,0.0,2.0,7.0,0.0,0.0,0.0,0.0,0.0,0.0,2.0,0.0,7.22,33.0,49.0,LAC,Home,24.0,11-07-23,9,False,0,0
6152,Justin Herbert,LAC,QB,W 27-6,18.0,136.0,0.0,0.0,3.0,17.0,0.0,0.0,0.0,0.0,0.0,0.0,0.0,0.0,7.14,16.0,30.0,NYJ,Away,25.0,11-07-23,9,False,0,1
6166,Tyler Huntley,Bal,QB,W 37-3,0.0,38.0,1.0,0.0,4.0,8.0,0.0,0.0,0.0,0.0,0.0,0.0,0.0,0.0,6.32,5.0,7.0,Sea,Home,26.0,11-07-23,9,False,0,1
6193,Jaren Hall,Min,QB,W 31-28,12.5,78.0,0.0,0.0,2.0,11.0,0.0,0.0,0.0,0.0,0.0,0.0,0.0,0.0,4.22,5.0,6.0,Atl,Away,27.0,11-07-23,9,False,0,1
6229,Geno Smith,Sea,QB,L 3-37,14.0,157.0,0.0,1.0,2.0,4.0,0.0,0.0,0.0,0.0,0.0,0.0,1.0,0.0,2.68,13.0,28.0,Bal,Away,28.0,11-07-23,9,False,0,0
6249,Daniel Jones,NYG,QB,L 6-30,13.9,25.0,0.0,0.0,2.0,9.0,0.0,0.0,0.0,0.0,0.0,0.0,0.0,0.0,1.9,4.0,9.0,LV,Away,29.0,11-07-23,9,False,0,0
6326,Desmond Ridder,Atl,QB,L 28-31,0.0,0.0,0.0,0.0,0.0,0.0,0.0,0.0,0.0,0.0,0.0,0.0,0.0,0.0,0.0,0.0,0.0,Min,Home,30.5,11-07-23,9,False,0,0
6339,PJ Walker,Cle,QB,W 27-0,0.0,0.0,0.0,0.0,0.0,0.0,0.0,0.0,0.0,0.0,0.0,0.0,0.0,0.0,0.0,0.0,0.0,Ari,Home,30.5,11-07-23,9,False,0,1
6576,Clayton Tune,Ari,QB,L 0-27,11.3,58.0,0.0,2.0,5.0,28.0,0.0,0.0,0.0,0.0,0.0,0.0,1.0,0.0,-0.88,11.0,20.0,Cle,Away,32.0,11-07-23,9,False,0,0
7037,Lamar Jackson,Bal,QB,W 37-31,20.8,316.0,3.0,1.0,11.0,70.0,0.0,0.0,0.0,0.0,0.0,0.0,0.0,0.0,31.64,24.0,43.0,LAR,Home,1.0,12-12-23,14,False,0,1
7045,Desmond Ridder,Atl,QB,L 25-29,13.5,347.0,1.0,1.0,4.0,15.0,1.0,0.0,0.0,0.0,0.0,0.0,0.0,0.0,25.38,26.0,40.0,TB,Home,2.0,12-12-23,14,False,0,0
7047,Justin Fields,Chi,QB,W 28-13,18.9,223.0,1.0,0.0,12.0,58.0,1.0,0.0,0.0,0.0,0.0,0.0,0.0,0.0,24.72,19.0,33.0,Det,Home,3.0,12-12-23,14,False,0,1
7048,Jake Browning,Cin,QB,W 34-14,16.2,275.0,2.0,1.0,3.0,7.0,1.0,0.0,0.0,0.0,0.0,0.0,0.0,0.0,23.7,18.0,24.0,Ind,Home,4.0,12-12-23,14,False,0,1
7049,Matthew Stafford,LAR,QB,L 31-37,12.8,294.0,3.0,0.0,1.0,-1.0,0.0,0.0,0.0,0.0,0.0,0.0,0.0,0.0,23.66,23.0,41.0,Bal,Away,5.0,12-12-23,14,False,0,0
7054,Brock Purdy,SF,QB,W 28-16,19.4,368.0,2.0,1.0,2.0,7.0,0.0,0.0,0.0,0.0,0.0,0.0,0.0,0.0,21.42,19.0,27.0,Sea,Home,6.0,12-12-23,14,False,0,1
7056,Bailey Zappe,NE,QB,W 21-18,11.7,240.0,3.0,1.0,3.0,13.0,0.0,0.0,0.0,0.0,0.0,0.0,0.0,0.0,20.9,19.0,28.0,Pit,Away,7.0,12-12-23,14,False,0,1
7057,Mitch Trubisky,Pit,QB,L 18-21,12.7,190.0,1.0,1.0,8.0,30.0,1.0,0.0,0.0,0.0,0.0,0.0,0.0,0.0,20.6,22.0,35.0,NE,Home,8.0,12-12-23,14,False,0,0
7058,Josh Allen,Buf,QB,W 20-17,21.3,233.0,1.0,1.0,10.0,32.0,1.0,0.0,0.0,0.0,0.0,0.0,0.0,0.0,20.52,23.0,42.0,KC,Away,9.0,12-12-23,14,False,0,1
7060,Joe Flacco,Cle,QB,W 31-27,13.0,311.0,3.0,1.0,4.0,-1.0,0.0,0.0,0.0,0.0,0.0,0.0,1.0,0.0,20.34,26.0,45.0,Jax,Home,10.0,12-12-23,14,False,0,1
7062,Baker Mayfield,TB,QB,W 29-25,14.6,144.0,2.0,0.0,3.0,3.0,1.0,0.0,0.0,0.0,0.0,0.0,0.0,0.0,20.06,14.0,29.0,Atl,Away,11.0,12-12-23,14,False,0,1
7069,Zach Wilson,NYJ,QB,W 30-6,12.3,301.0,2.0,0.0,3.0,12.0,0.0,0.0,0.0,0.0,0.0,0.0,1.0,0.0,19.24,27.0,36.0,Hou,Home,12.0,12-12-23,14,False,0,1
7075,Dak Prescott,Dal,QB,W 33-13,23.9,271.0,2.0,0.0,3.0,11.0,0.0,0.0,0.0,0.0,0.0,0.0,1.0,0.0,17.94,24.0,39.0,Phi,Home,13.0,12-12-23,14,False,0,1
7078,Tommy DeVito,NYG,QB,W 24-22,13.7,158.0,1.0,0.0,10.0,71.0,0.0,0.0,0.0,0.0,0.0,0.0,0.0,0.0,17.42,17.0,21.0,GB,Home,14.0,12-12-23,14,False,0,1
7079,Trevor Lawrence,Jax,QB,L 27-31,16.4,257.0,3.0,3.0,3.0,11.0,0.0,0.0,0.0,0.0,0.0,0.0,0.0,0.0,17.38,28.0,50.0,Cle,Away,15.0,12-12-23,14,False,0,0
7085,Will Levis,Ten,QB,W 28-27,13.5,327.0,1.0,1.0,4.0,15.0,0.0,0.0,0.0,0.0,0.0,0.0,1.0,0.0,16.58,23.0,38.0,Mia,Away,16.0,12-12-23,14,False,0,1
7088,Russell Wilson,Den,QB,W 24-7,16.6,224.0,2.0,1.0,6.0,5.0,0.0,0.0,0.0,0.0,0.0,0.0,0.0,0.0,15.46,21.0,33.0,LAC,Away,17.0,12-12-23,14,False,0,1
7089,Drew Lock,Sea,QB,L 16-28,14.3,269.0,2.0,2.0,3.0,5.0,0.0,0.0,0.0,0.0,0.0,0.0,0.0,0.0,15.26,22.0,31.0,SF,Away,18.0,12-12-23,14,False,0,0
7097,Gardner Minshew,Ind,QB,L 14-34,14.6,240.0,1.0,1.0,2.0,5.0,0.0,0.0,0.0,0.0,0.0,0.0,0.0,0.0,14.1,26.0,39.0,Cin,Away,19.0,12-12-23,14,False,0,0
7101,Patrick Mahomes,KC,QB,L 17-20,19.7,271.0,1.0,1.0,1.0,8.0,0.0,0.0,0.0,0.0,0.0,0.0,0.0,0.0,13.64,25.0,43.0,Buf,Home,20.0,12-12-23,14,False,0,0
7124,Derek Carr,NO,QB,W 28-6,14.5,119.0,2.0,1.0,0.0,0.0,0.0,0.0,0.0,0.0,0.0,0.0,0.0,0.0,10.76,18.0,26.0,Car,Home,21.0,12-12-23,14,False,0,1
7147,Tua Tagovailoa,Mia,QB,L 27-28,17.9,240.0,0.0,0.0,3.0,15.0,0.0,0.0,0.0,0.0,0.0,0.0,1.0,0.0,9.1,23.0,33.0,Ten,Home,22.0,12-12-23,14,False,0,0
7148,Jordan Love,GB,QB,L 22-24,16.9,218.0,1.0,1.0,2.0,2.0,0.0,0.0,0.0,0.0,0.0,0.0,1.0,0.0,8.92,25.0,39.0,NYG,Away,23.0,12-12-23,14,False,0,0
7150,Jalen Hurts,Phi,QB,L 13-33,21.9,197.0,0.0,0.0,5.0,30.0,0.0,0.0,0.0,0.0,0.0,0.0,1.0,0.0,8.88,18.0,27.0,Dal,Away,24.0,12-12-23,14,False,0,0
7162,Bryce Young,Car,QB,L 6-28,11.8,137.0,0.0,0.0,3.0,40.0,0.0,0.0,0.0,0.0,0.0,0.0,1.0,0.0,7.48,13.0,36.0,NO,Away,25.0,12-12-23,14,False,0,0
7195,Easton Stick,LAC,QB,L 7-24,0.0,179.0,0.0,0.0,0.0,0.0,0.0,0.0,0.0,0.0,0.0,0.0,1.0,0.0,5.16,13.0,24.0,Den,Home,26.0,12-12-23,14,False,0,0
7197,Aidan O'Connell,LV,QB,L 0-3,11.5,171.0,0.0,1.0,1.0,2.0,0.0,0.0,0.0,0.0,0.0,0.0,0.0,0.0,5.04,21.0,32.0,Min,Home,27.0,12-12-23,14,False,0,0
7204,Joshua Dobbs,Min,QB,W 3-0,15.0,63.0,0.0,0.0,5.0,21.0,0.0,0.0,0.0,0.0,0.0,0.0,0.0,0.0,4.62,10.0,23.0,LV,Away,28.0,12-12-23,14,False,0,1
7208,Jared Goff,Det,QB,L 13-28,15.0,161.0,1.0,2.0,1.0,0.0,0.0,0.0,0.0,0.0,0.0,0.0,1.0,0.0,4.44,20.0,35.0,Chi,Away,29.0,12-12-23,14,False,0,0
7226,C.J. Stroud,Hou,QB,L 6-30,17.0,91.0,0.0,0.0,0.0,0.0,0.0,0.0,0.0,0.0,0.0,0.0,0.0,0.0,3.64,10.0,23.0,NYJ,Away,30.0,12-12-23,14,False,0,0
7236,Nick Mullens,Min,QB,W 3-0,0.0,83.0,0.0,0.0,0.0,0.0,0.0,0.0,0.0,0.0,0.0,0.0,0.0,0.0,3.32,9.0,13.0,LV,Away,31.0,12-12-23,14,False,0,1
7268,Justin Herbert,LAC,QB,L 7-24,19.1,96.0,0.0,1.0,0.0,0.0,0.0,0.0,0.0,0.0,0.0,0.0,0.0,0.0,1.84,9.0,17.0,Den,Home,32.0,12-12-23,14,False,0,0
7306,Dorian Thompson-Robinson,Cle,QB,W 31-27,0.0,0.0,0.0,0.0,1.0,5.0,0.0,0.0,0.0,0.0,0.0,0.0,0.0,0.0,0.5,0.0,0.0,Jax,Home,33.0,12-12-23,14,False,0,1
7310,Davis Mills,Hou,QB,L 6-30,0.0,4.0,0.0,0.0,0.0,0.0,0.0,0.0,0.0,0.0,0.0,0.0,0.0,0.0,0.16,1.0,5.0,NYJ,Away,34.0,12-12-23,14,False,0,0
7363,Marcus Mariota,Phi,QB,L 13-33,0.0,0.0,0.0,0.0,0.0,0.0,0.0,0.0,0.0,0.0,0.0,0.0,0.0,0.0,0.0,0.0,0.0,Dal,Away,36.0,12-12-23,14,False,0,0
7383,Sam Darnold,SF,QB,W 28-16,0.0,0.0,0.0,0.0,0.0,0.0,0.0,0.0,0.0,0.0,0.0,0.0,0.0,0.0,0.0,0.0,0.0,Sea,Home,36.0,12-12-23,14,False,0,1
7538,Sam Ehlinger,Ind,QB,L 14-34,0.0,0.0,0.0,0.0,0.0,0.0,0.0,0.0,0.0,0.0,0.0,0.0,0.0,0.0,0.0,0.0,0.0,Cin,Away,36.0,12-12-23,14,False,0,0
7640,AJ McCarron,Cin,QB,W 34-14,0.0,-1.0,0.0,0.0,0.0,0.0,0.0,0.0,0.0,0.0,0.0,0.0,0.0,0.0,-0.04,1.0,1.0,Ind,Home,38.0,12-12-23,14,False,0,1
7642,Jameis Winston,NO,QB,W 28-6,0.0,0.0,0.0,0.0,2.0,-2.0,0.0,0.0,0.0,0.0,0.0,0.0,0.0,0.0,-0.2,0.0,0.0,Car,Home,39.0,12-12-23,14,False,0,1
8047,Derek Carr,NO,QB,W 48-17,14.7,264.0,4.0,0.0,1.0,6.0,0.0,0.0,0.0,0.0,0.0,0.0,0.0,0.0,27.16,22.0,28.0,Atl,Home,1.0,01-09-24,18,False,0,1
8048,Carson Wentz,LAR,QB,W 21-20,13.2,163.0,2.0,1.0,17.0,56.0,1.0,0.0,0.0,0.0,0.0,0.0,0.0,0.0,26.12,17.0,24.0,SF,Away,2.0,01-09-24,18,False,0,1
8050,Dak Prescott,Dal,QB,W 38-10,21.2,279.0,4.0,1.0,0.0,0.0,0.0,0.0,0.0,0.0,0.0,0.0,0.0,0.0,25.16,31.0,36.0,Wsh,Away,3.0,01-09-24,18,False,0,1
8057,Josh Allen,Buf,QB,W 21-14,20.3,359.0,2.0,2.0,15.0,67.0,0.0,0.0,0.0,0.0,0.0,0.0,1.0,0.0,23.06,30.0,38.0,Mia,Away,4.0,01-09-24,18,False,0,1
8064,Jared Goff,Det,QB,W 30-20,15.4,320.0,2.0,0.0,0.0,0.0,0.0,0.0,0.0,0.0,0.0,0.0,0.0,0.0,20.8,23.0,32.0,Min,Home,5.0,01-09-24,18,False,0,1
8065,Nick Mullens,Min,QB,L 20-30,15.2,396.0,2.0,2.0,2.0,8.0,0.0,0.0,0.0,0.0,0.0,0.0,0.0,0.0,20.64,30.0,44.0,Det,Away,6.0,01-09-24,18,False,0,0
8067,C.J. Stroud,Hou,QB,W 23-19,18.4,264.0,2.0,0.0,3.0,20.0,0.0,0.0,0.0,0.0,0.0,0.0,0.0,0.0,20.56,20.0,26.0,Ind,Away,7.0,01-09-24,18,False,0,1
8069,Geno Smith,Sea,QB,W 21-20,18.2,189.0,2.0,0.0,3.0,28.0,0.0,0.0,0.0,0.0,0.0,0.0,0.0,0.0,20.36,16.0,28.0,Ari,Away,8.0,01-09-24,18,False,0,1
8073,Jordan Love,GB,QB,W 17-9,16.6,316.0,2.0,0.0,3.0,-1.0,0.0,0.0,0.0,0.0,0.0,0.0,1.0,0.0,18.54,27.0,32.0,Chi,Home,9.0,01-09-24,18,False,0,1
8074,Jake Browning,Cin,QB,W 31-14,15.1,156.0,3.0,1.0,2.0,18.0,0.0,0.0,0.0,0.0,0.0,0.0,0.0,0.0,18.04,18.0,24.0,Cle,Home,10.0,01-09-24,18,False,0,1
8075,Aidan O'Connell,LV,QB,W 27-14,13.8,244.0,2.0,0.0,4.0,1.0,0.0,0.0,0.0,0.0,0.0,0.0,0.0,0.0,17.86,20.0,31.0,Den,Home,11.0,01-09-24,18,False,0,1
8076,Kyler Murray,Ari,QB,L 20-21,18.6,262.0,1.0,0.0,5.0,33.0,0.0,0.0,0.0,0.0,0.0,0.0,0.0,0.0,17.78,22.0,30.0,Sea,Home,12.0,01-09-24,18,False,0,0
8077,Tyrod Taylor,NYG,QB,W 27-10,15.4,297.0,1.0,1.0,8.0,38.0,0.0,0.0,0.0,0.0,0.0,0.0,0.0,0.0,17.68,23.0,32.0,Phi,Home,13.0,01-09-24,18,False,0,1
8079,Sam Darnold,SF,QB,L 20-21,13.3,189.0,1.0,0.0,7.0,19.0,1.0,0.0,0.0,0.0,0.0,0.0,1.0,0.0,17.46,16.0,26.0,LAR,Home,14.0,01-09-24,18,False,0,0
8085,Trevor Lawrence,Jax,QB,L 20-28,17.3,280.0,2.0,2.0,3.0,10.0,0.0,0.0,0.0,0.0,0.0,0.0,0.0,0.0,16.2,29.0,43.0,Ten,Away,15.0,01-09-24,18,False,0,0
8087,Easton Stick,LAC,QB,L 12-13,15.5,258.0,0.0,0.0,13.0,77.0,0.0,0.0,0.0,0.0,0.0,0.0,1.0,0.0,16.02,28.0,47.0,KC,Home,16.0,01-09-24,18,False,0,0
8090,Desmond Ridder,Atl,QB,L 17-48,12.4,291.0,2.0,1.0,2.0,0.0,0.0,0.0,0.0,0.0,0.0,0.0,1.0,0.0,15.64,22.0,30.0,NO,Away,17.0,01-09-24,18,False,0,0
8101,Jeff Driskel,Cle,QB,L 14-31,14.3,166.0,2.0,2.0,7.0,33.0,0.0,0.0,0.0,0.0,0.0,0.0,0.0,0.0,13.94,13.0,26.0,Cin,Away,18.0,01-09-24,18,False,0,0
8104,Tyler Huntley,Bal,QB,L 10-17,13.6,146.0,1.0,0.0,8.0,40.0,0.0,0.0,0.0,0.0,0.0,0.0,0.0,0.0,13.84,15.0,28.0,Pit,Home,19.0,01-09-24,18,False,0,0
8115,Jarrett Stidham,Den,QB,L 14-27,13.3,272.0,1.0,1.0,3.0,2.0,0.0,0.0,0.0,0.0,0.0,0.0,0.0,0.0,13.08,20.0,34.0,LV,Away,20.0,01-09-24,18,False,0,0
8120,Ryan Tannehill,Ten,QB,W 28-20,13.6,168.0,2.0,1.0,3.0,-3.0,0.0,0.0,0.0,0.0,1.0,0.0,0.0,0.0,12.42,17.0,26.0,Jax,Home,21.0,01-09-24,18,False,0,1
8135,Marcus Mariota,Phi,QB,L 10-27,0.0,148.0,1.0,1.0,6.0,46.0,0.0,0.0,0.0,0.0,0.0,0.0,1.0,0.0,10.52,13.0,20.0,NYG,Away,22.0,01-09-24,18,False,0,0
8151,Blaine Gabbert,KC,QB,W 13-12,14.1,154.0,0.0,1.0,5.0,46.0,0.0,0.0,0.0,0.0,0.0,0.0,0.0,0.0,8.76,15.0,30.0,LAC,Away,23.0,01-09-24,18,False,0,1
8152,Justin Fields,Chi,QB,L 9-17,19.2,148.0,0.0,0.0,8.0,27.0,0.0,0.0,0.0,0.0,0.0,0.0,0.0,0.0,8.62,11.0,16.0,GB,Away,24.0,01-09-24,18,False,0,0
8154,Gardner Minshew,Ind,QB,L 19-23,14.1,141.0,0.0,0.0,1.0,9.0,0.0,0.0,0.0,0.0,0.0,0.0,0.0,0.0,8.54,13.0,24.0,Hou,Home,25.0,01-09-24,18,False,0,0
8160,Mason Rudolph,Pit,QB,W 17-10,11.5,152.0,1.0,0.0,2.0,-1.0,0.0,0.0,0.0,0.0,0.0,0.0,1.0,0.0,7.98,18.0,20.0,Bal,Away,26.0,01-09-24,18,False,0,1
8163,Tua Tagovailoa,Mia,QB,L 14-21,15.8,173.0,1.0,2.0,1.0,7.0,0.0,0.0,0.0,0.0,0.0,0.0,0.0,0.0,7.62,17.0,27.0,Buf,Home,27.0,01-09-24,18,False,0,0
8166,Sam Howell,Wsh,QB,L 10-38,14.4,153.0,1.0,2.0,4.0,-1.0,0.0,1.0,4.0,0.0,1.0,0.0,0.0,0.0,7.42,19.0,27.0,Dal,Home,28.0,01-09-24,18,False,0,0
8181,Baker Mayfield,TB,QB,W 9-0,16.4,137.0,0.0,0.0,5.0,7.0,0.0,0.0,0.0,0.0,0.0,0.0,0.0,0.0,6.18,20.0,32.0,Car,Away,29.0,01-09-24,18,False,0,1
8218,Bryce Young,Car,QB,L 0-9,12.2,94.0,0.0,0.0,2.0,24.0,0.0,0.0,0.0,0.0,0.0,0.0,1.0,0.0,4.16,11.0,18.0,TB,Home,30.0,01-09-24,18,False,0,0
8250,Trevor Siemian,NYJ,QB,W 17-3,10.2,70.0,0.0,0.0,2.0,1.0,0.0,0.0,0.0,0.0,0.0,0.0,0.0,0.0,2.9,8.0,20.0,NE,Away,31.0,01-09-24,18,False,0,1
8309,Cooper Rush,Dal,QB,W 38-10,0.0,30.0,0.0,0.0,0.0,0.0,0.0,0.0,0.0,0.0,0.0,0.0,0.0,0.0,1.2,3.0,4.0,Wsh,Away,32.0,01-09-24,18,False,0,1
8314,Bailey Zappe,NE,QB,L 3-17,10.6,88.0,0.0,2.0,3.0,13.0,0.0,0.0,0.0,0.0,0.0,0.0,0.0,0.0,0.82,12.0,30.0,NYJ,Home,33.0,01-09-24,18,False,0,0
8316,AJ McCarron,Cin,QB,W 31-14,0.0,20.0,0.0,0.0,0.0,0.0,0.0,0.0,0.0,0.0,0.0,0.0,0.0,0.0,0.8,3.0,4.0,Cle,Home,34.0,01-09-24,18,False,0,1
8317,Jalen Hurts,Phi,QB,L 10-27,20.4,55.0,0.0,1.0,2.0,4.0,0.0,0.0,0.0,0.0,0.0,0.0,0.0,0.0,0.6,7.0,16.0,NYG,Away,35.0,01-09-24,18,False,0,0
8321,Tommy DeVito,NYG,QB,W 27-10,0.0,14.0,0.0,0.0,0.0,0.0,0.0,0.0,0.0,0.0,0.0,0.0,0.0,0.0,0.56,2.0,2.0,Phi,Home,36.0,01-09-24,18,False,0,1
8329,Clayton Tune,Ari,QB,L 20-21,0.0,0.0,0.0,0.0,1.0,1.0,0.0,0.0,0.0,0.0,0.0,0.0,0.0,0.0,0.1,0.0,0.0,Sea,Home,37.0,01-09-24,18,False,0,0
8418,Jimmy Garoppolo,LV,QB,W 27-14,0.0,0.0,0.0,0.0,0.0,0.0,0.0,0.0,0.0,0.0,0.0,0.0,0.0,0.0,0.0,0.0,1.0,Den,Home,39.5,01-09-24,18,False,0,1
8433,Jameis Winston,NO,QB,W 48-17,0.0,0.0,0.0,0.0,0.0,0.0,0.0,0.0,0.0,0.0,0.0,0.0,0.0,0.0,0.0,0.0,0.0,Atl,Home,39.5,01-09-24,18,False,0,1
8505,Malik Cunningham,Bal,QB,L 10-17,0.0,0.0,0.0,0.0,0.0,0.0,0.0,0.0,0.0,0.0,0.0,0.0,0.0,0.0,0.0,0.0,0.0,Pit,Home,39.5,01-09-24,18,False,0,0
8551,Nathan Peterman,Chi,QB,L 9-17,0.0,0.0,0.0,0.0,0.0,0.0,0.0,0.0,0.0,0.0,0.0,0.0,0.0,0.0,0.0,0.0,0.0,GB,Away,39.5,01-09-24,18,False,0,0
8717,Logan Woodside,Atl,QB,L 17-48,0.0,27.0,0.0,1.0,1.0,6.0,0.0,0.0,0.0,0.0,0.0,0.0,0.0,0.0,-0.32,3.0,4.0,NO,Away,42.0,01-09-24,18,False,0,0
9047,Dak Prescott,Dal,QB,W 49-17,18.1,404.0,4.0,1.0,2.0,17.0,1.0,0.0,0.0,0.0,0.0,0.0,0.0,0.0,37.86,26.0,35.0,NYG,Home,1.0,11-14-23,10,False,0,1
9051,Justin Herbert,LAC,QB,L 38-41,18.9,323.0,4.0,1.0,4.0,15.0,0.0,0.0,0.0,0.0,0.0,0.0,0.0,0.0,28.42,27.0,40.0,Det,Home,2.0,11-14-23,10,False,0,0
9055,Joshua Dobbs,Min,QB,W 27-19,15.2,268.0,1.0,0.0,8.0,44.0,1.0,0.0,0.0,0.0,0.0,0.0,0.0,0.0,25.12,23.0,34.0,NO,Home,3.0,11-14-23,10,False,0,1
9057,Sam Howell,Wsh,QB,L 26-29,17.4,312.0,3.0,0.0,2.0,17.0,0.0,0.0,0.0,0.0,0.0,0.0,1.0,0.0,24.18,29.0,44.0,Sea,Away,4.0,11-14-23,10,False,0,0
9058,Geno Smith,Sea,QB,W 29-26,15.8,369.0,2.0,0.0,1.0,13.0,0.0,0.0,0.0,0.0,0.0,0.0,0.0,0.0,24.06,31.0,47.0,Wsh,Home,5.0,11-14-23,10,False,0,1
9059,Brock Purdy,SF,QB,W 34-3,16.1,296.0,3.0,0.0,0.0,0.0,0.0,0.0,0.0,0.0,0.0,0.0,0.0,0.0,23.84,19.0,26.0,Jax,Away,6.0,11-14-23,10,False,0,1
9065,Jared Goff,Det,QB,W 41-38,16.2,333.0,2.0,0.0,3.0,-2.0,0.0,0.0,0.0,0.0,0.0,0.0,0.0,0.0,21.12,23.0,33.0,LAC,Away,7.0,11-14-23,10,False,0,1
9070,Joe Burrow,Cin,QB,L 27-30,19.2,347.0,2.0,2.0,5.0,20.0,0.0,0.0,0.0,0.0,0.0,0.0,0.0,0.0,19.88,27.0,40.0,Hou,Home,8.0,11-14-23,10,False,0,0
9074,C.J. Stroud,Hou,QB,W 30-27,18.8,356.0,1.0,1.0,2.0,8.0,1.0,0.0,0.0,0.0,0.0,0.0,2.0,0.0,19.04,23.0,39.0,Cin,Away,9.0,11-14-23,10,False,0,1
9077,Russell Wilson,Den,QB,W 24-22,16.2,193.0,2.0,0.0,9.0,30.0,0.0,0.0,0.0,0.0,0.0,0.0,0.0,0.0,18.72,24.0,29.0,Buf,Away,10.0,11-14-23,10,False,0,1
9080,Baker Mayfield,TB,QB,W 20-6,17.1,278.0,2.0,1.0,3.0,12.0,0.0,0.0,0.0,0.0,0.0,0.0,0.0,0.0,18.32,18.0,29.0,Ten,Home,11.0,11-14-23,10,False,0,1
9086,Kyler Murray,Ari,QB,W 25-23,15.5,249.0,0.0,1.0,6.0,33.0,1.0,0.0,0.0,0.0,0.0,0.0,0.0,0.0,17.26,19.0,32.0,Atl,Home,12.0,11-14-23,10,False,0,1
9089,Jordan Love,GB,QB,L 19-23,14.0,289.0,2.0,2.0,2.0,11.0,0.0,0.0,0.0,0.0,0.0,0.0,0.0,0.0,16.66,21.0,40.0,Pit,Away,13.0,11-14-23,10,False,0,0
9092,Deshaun Watson,Cle,QB,W 33-31,13.3,213.0,1.0,1.0,8.0,37.0,0.0,0.0,0.0,0.0,0.0,0.0,0.0,0.0,16.22,20.0,34.0,Bal,Away,14.0,11-14-23,10,False,0,1
9104,Josh Allen,Buf,QB,L 22-24,24.9,177.0,1.0,2.0,4.0,13.0,1.0,0.0,0.0,0.0,0.0,0.0,1.0,0.0,14.38,15.0,26.0,Den,Home,15.0,11-14-23,10,False,0,0
9107,Zach Wilson,NYJ,QB,L 12-16,12.0,263.0,0.0,1.0,4.0,54.0,0.0,0.0,0.0,0.0,0.0,0.0,0.0,0.0,13.92,23.0,39.0,LV,Away,16.0,11-14-23,10,False,0,0
9110,Tommy DeVito,NYG,QB,L 17-49,11.1,86.0,2.0,1.0,7.0,41.0,0.0,0.0,0.0,0.0,0.0,0.0,0.0,0.0,13.54,14.0,27.0,Dal,Away,17.0,11-14-23,10,False,0,0
9114,Lamar Jackson,Bal,QB,L 31-33,19.6,223.0,1.0,2.0,8.0,41.0,0.0,0.0,0.0,0.0,0.0,0.0,0.0,0.0,13.02,13.0,23.0,Cle,Home,18.0,11-14-23,10,False,0,0
9140,Taylor Heinicke,Atl,QB,L 23-25,15.4,55.0,1.0,0.0,4.0,34.0,0.0,0.0,0.0,0.0,0.0,0.0,0.0,0.0,9.6,8.0,15.0,Ari,Away,19.0,11-14-23,10,False,0,0
9147,Bryce Young,Car,QB,L 13-16,12.6,185.0,0.0,0.0,3.0,18.0,0.0,0.0,0.0,0.0,0.0,0.0,0.0,0.0,9.2,21.0,38.0,Chi,Away,20.0,11-14-23,10,False,0,0
9152,Jameis Winston,NO,QB,L 19-27,0.0,122.0,2.0,2.0,0.0,0.0,0.0,0.0,0.0,0.0,0.0,0.0,0.0,0.0,8.88,13.0,25.0,Min,Away,21.0,11-14-23,10,False,0,0
9153,Desmond Ridder,Atl,QB,L 23-25,0.0,39.0,0.0,0.0,3.0,11.0,1.0,0.0,0.0,0.0,0.0,0.0,0.0,0.0,8.66,4.0,6.0,Ari,Away,22.0,11-14-23,10,False,0,0
9154,Aidan O'Connell,LV,QB,W 16-12,11.1,153.0,1.0,1.0,2.0,3.0,0.0,0.0,0.0,0.0,0.0,0.0,0.0,0.0,8.42,16.0,27.0,NYJ,Home,23.0,11-14-23,10,False,0,1
9160,Tyson Bagent,Chi,QB,W 16-13,14.1,162.0,0.0,0.0,6.0,12.0,0.0,0.0,0.0,0.0,0.0,0.0,0.0,0.0,7.68,20.0,33.0,Car,Home,24.0,11-14-23,10,False,0,1
9167,Mac Jones,NE,QB,L 6-10,12.6,170.0,0.0,1.0,3.0,25.0,0.0,0.0,0.0,0.0,0.0,0.0,0.0,0.0,7.3,15.0,20.0,Ind,Home,25.0,11-14-23,10,False,0,0
9173,Kenny Pickett,Pit,QB,W 23-19,14.7,126.0,0.0,0.0,4.0,16.0,0.0,0.0,0.0,0.0,0.0,0.0,0.0,0.0,6.64,14.0,23.0,GB,Home,26.0,11-14-23,10,False,0,1
9182,Clayton Tune,Ari,QB,W 25-23,0.0,0.0,0.0,0.0,1.0,1.0,1.0,0.0,0.0,0.0,0.0,0.0,0.0,0.0,6.1,0.0,0.0,Atl,Home,27.0,11-14-23,10,False,0,1
9187,Will Levis,Ten,QB,L 6-20,15.3,199.0,0.0,1.0,0.0,0.0,0.0,0.0,0.0,0.0,0.0,0.0,0.0,0.0,5.96,19.0,39.0,TB,Away,28.0,11-14-23,10,False,0,0
9191,Gardner Minshew,Ind,QB,W 10-6,13.2,194.0,0.0,1.0,2.0,-1.0,0.0,0.0,0.0,0.0,0.0,0.0,0.0,0.0,5.66,18.0,28.0,NE,Away,29.0,11-14-23,10,False,0,1
9194,Derek Carr,NO,QB,L 19-27,13.8,110.0,0.0,0.0,1.0,10.0,0.0,0.0,0.0,0.0,0.0,0.0,0.0,0.0,5.4,13.0,18.0,Min,Away,30.0,11-14-23,10,False,0,0
9253,Trevor Lawrence,Jax,QB,L 3-34,17.3,185.0,0.0,2.0,2.0,7.0,0.0,0.0,0.0,0.0,0.0,0.0,1.0,0.0,2.1,17.0,29.0,SF,Home,31.0,11-14-23,10,False,0,0
9288,Cooper Rush,Dal,QB,W 49-17,0.0,68.0,0.0,1.0,2.0,5.0,0.0,0.0,0.0,0.0,0.0,0.0,0.0,0.0,1.22,7.0,9.0,NYG,Home,32.0,11-14-23,10,False,0,1
9301,C.J. Beathard,Jax,QB,L 3-34,0.0,5.0,0.0,0.0,0.0,0.0,0.0,0.0,0.0,0.0,0.0,0.0,0.0,0.0,0.2,1.0,2.0,SF,Home,33.0,11-14-23,10,False,0,0
9350,PJ Walker,Cle,QB,W 33-31,0.0,0.0,0.0,0.0,0.0,0.0,0.0,0.0,0.0,0.0,0.0,0.0,0.0,0.0,0.0,0.0,1.0,Bal,Away,34.5,11-14-23,10,False,0,1
9423,Jarrett Stidham,Den,QB,W 24-22,0.0,0.0,0.0,0.0,0.0,0.0,0.0,0.0,0.0,0.0,0.0,0.0,0.0,0.0,0.0,0.0,0.0,Buf,Away,34.5,11-14-23,10,False,0,1
9600,Sam Darnold,SF,QB,W 34-3,0.0,6.0,0.0,0.0,3.0,-3.0,0.0,0.0,0.0,0.0,0.0,0.0,0.0,0.0,-0.06,1.0,2.0,Jax,Away,36.0,11-14-23,10,False,0,1
9601,Kyle Trask,TB,QB,W 20-6,0.0,0.0,0.0,0.0,1.0,-1.0,0.0,0.0,0.0,0.0,0.0,0.0,0.0,0.0,-0.1,0.0,0.0,Ten,Home,37.0,11-14-23,10,False,0,1
9603,Bailey Zappe,NE,QB,L 6-10,0.0,25.0,0.0,1.0,0.0,0.0,0.0,0.0,0.0,0.0,0.0,0.0,0.0,0.0,-1.0,3.0,7.0,Ind,Home,38.0,11-14-23,10,False,0,0
10050,Josh Allen,Buf,QB,L 34-37,20.9,339.0,2.0,1.0,9.0,81.0,2.0,0.0,0.0,0.0,0.0,0.0,0.0,0.0,39.66,29.0,51.0,Phi,Away,1.0,11-28-23,12,False,0,0
10052,Jalen Hurts,Phi,QB,W 37-34,22.3,200.0,3.0,1.0,14.0,65.0,2.0,0.0,0.0,0.0,0.0,0.0,1.0,0.0,34.5,18.0,31.0,Buf,Home,2.0,11-28-23,12,False,0,1
10053,Dak Prescott,Dal,QB,W 45-10,22.8,331.0,4.0,0.0,1.0,10.0,0.0,0.0,0.0,0.0,0.0,0.0,0.0,0.0,32.24,22.0,32.0,Wsh,Home,3.0,11-28-23,12,False,0,1
10055,C.J. Stroud,Hou,QB,L 21-24,18.5,304.0,2.0,0.0,6.0,47.0,1.0,0.0,0.0,0.0,0.0,0.0,0.0,0.0,30.86,26.0,36.0,Jax,Home,4.0,11-28-23,12,False,0,0
10057,Jordan Love,GB,QB,W 29-22,16.0,268.0,3.0,0.0,3.0,39.0,0.0,0.0,0.0,0.0,0.0,0.0,0.0,0.0,26.62,22.0,32.0,Det,Away,5.0,11-28-23,12,False,0,1
10062,Trevor Lawrence,Jax,QB,W 24-21,17.1,364.0,1.0,1.0,2.0,0.0,1.0,0.0,0.0,0.0,0.0,0.0,0.0,0.0,24.56,23.0,38.0,Hou,Away,6.0,11-28-23,12,False,0,1
10065,Matthew Stafford,LAR,QB,W 37-14,13.1,229.0,4.0,1.0,1.0,2.0,0.0,0.0,0.0,0.0,0.0,0.0,0.0,0.0,23.36,25.0,33.0,Ari,Away,7.0,11-28-23,12,False,0,1
10078,Patrick Mahomes,KC,QB,W 31-17,18.1,298.0,2.0,0.0,5.0,9.0,0.0,0.0,0.0,0.0,0.0,0.0,0.0,0.0,20.82,27.0,34.0,LV,Away,8.0,11-28-23,12,False,0,1
10081,Kyler Murray,Ari,QB,L 14-37,18.0,256.0,1.0,0.0,1.0,2.0,1.0,0.0,0.0,0.0,0.0,0.0,0.0,0.0,20.44,27.0,45.0,LAR,Home,9.0,11-28-23,12,False,0,0
10091,Jared Goff,Det,QB,L 22-29,15.5,332.0,2.0,0.0,3.0,9.0,0.0,0.0,0.0,0.0,0.0,0.0,3.0,0.0,18.18,29.0,44.0,GB,Home,10.0,11-28-23,12,False,0,0
10095,Sam Howell,Wsh,QB,L 10-45,16.7,300.0,0.0,1.0,2.0,13.0,1.0,0.0,0.0,0.0,0.0,0.0,0.0,0.0,17.3,28.0,44.0,Dal,Away,11.0,11-28-23,12,False,0,0
10098,Russell Wilson,Den,QB,W 29-12,14.4,134.0,1.0,0.0,11.0,34.0,1.0,0.0,0.0,0.0,0.0,0.0,1.0,0.0,16.76,13.0,22.0,Cle,Home,12.0,11-28-23,12,False,0,1
10107,Lamar Jackson,Bal,QB,W 20-10,22.3,177.0,1.0,0.0,11.0,39.0,0.0,0.0,0.0,0.0,0.0,0.0,0.0,0.0,14.98,18.0,32.0,LAC,Away,13.0,11-28-23,12,False,0,1
10110,Gardner Minshew,Ind,QB,W 27-20,13.3,251.0,0.0,1.0,3.0,6.0,1.0,0.0,0.0,0.0,0.0,0.0,0.0,0.0,14.64,24.0,41.0,TB,Home,14.0,11-28-23,12,False,0,1
10114,Aidan O'Connell,LV,QB,L 17-31,10.7,248.0,1.0,0.0,0.0,0.0,0.0,0.0,0.0,0.0,0.0,0.0,0.0,0.0,13.92,23.0,33.0,KC,Home,15.0,11-28-23,12,False,0,0
10117,Justin Herbert,LAC,QB,L 10-20,18.6,217.0,1.0,1.0,4.0,47.0,0.0,0.0,0.0,0.0,0.0,0.0,1.0,0.0,13.38,29.0,44.0,Bal,Home,16.0,11-28-23,12,False,0,0
10118,Baker Mayfield,TB,QB,L 20-27,16.4,199.0,2.0,1.0,3.0,14.0,0.0,0.0,0.0,0.0,0.0,0.0,1.0,0.0,13.36,20.0,30.0,Ind,Away,17.0,11-28-23,12,False,0,0
10128,Jake Browning,Cin,QB,L 10-16,14.0,227.0,1.0,1.0,3.0,9.0,0.0,0.0,0.0,0.0,0.0,0.0,0.0,0.0,11.98,19.0,26.0,Pit,Home,18.0,11-28-23,12,False,0,0
10133,Kenny Pickett,Pit,QB,W 16-10,13.8,278.0,0.0,0.0,5.0,5.0,0.0,0.0,0.0,0.0,0.0,0.0,0.0,0.0,11.62,24.0,33.0,Cin,Away,19.0,11-28-23,12,False,0,1
10134,Dorian Thompson-Robinson,Cle,QB,L 12-29,11.7,134.0,1.0,0.0,5.0,21.0,0.0,0.0,0.0,0.0,0.0,0.0,0.0,0.0,11.46,14.0,29.0,Den,Away,20.0,11-28-23,12,False,0,0
10140,Derek Carr,NO,QB,L 15-24,15.0,304.0,0.0,1.0,2.0,7.0,0.0,0.0,0.0,0.0,0.0,0.0,0.0,0.0,10.86,24.0,38.0,Atl,Away,21.0,11-28-23,12,False,0,0
10142,Justin Fields,Chi,QB,W 12-10,17.4,217.0,0.0,0.0,12.0,59.0,0.0,0.0,0.0,0.0,0.0,0.0,2.0,0.0,10.58,27.0,37.0,Min,Away,22.0,11-28-23,12,False,0,1
10143,Brock Purdy,SF,QB,W 31-13,19.1,209.0,1.0,1.0,3.0,1.0,0.0,0.0,0.0,0.0,0.0,0.0,0.0,0.0,10.46,21.0,30.0,Sea,Away,23.0,11-28-23,12,False,0,1
10146,Tommy DeVito,NYG,QB,W 10-7,13.1,191.0,1.0,0.0,5.0,6.0,0.0,0.0,0.0,0.0,0.0,0.0,1.0,0.0,10.24,17.0,25.0,NE,Home,24.0,11-28-23,12,False,0,1
10154,Desmond Ridder,Atl,QB,W 24-15,13.6,168.0,1.0,2.0,7.0,30.0,0.0,0.0,0.0,0.0,0.0,0.0,0.0,0.0,9.72,13.0,21.0,NO,Home,25.0,11-28-23,12,False,0,1
10179,Bryce Young,Car,QB,L 10-17,13.9,194.0,0.0,0.0,3.0,23.0,0.0,0.0,0.0,0.0,0.0,0.0,1.0,0.0,8.06,18.0,31.0,Ten,Away,26.0,11-28-23,12,False,0,0
10183,Tua Tagovailoa,Mia,QB,W 34-13,16.5,243.0,1.0,2.0,2.0,1.0,0.0,0.0,0.0,0.0,0.0,0.0,1.0,0.0,7.82,21.0,30.0,NYJ,Away,27.0,11-28-23,12,False,0,1
10191,Tim Boyle,NYJ,QB,L 13-34,10.5,179.0,1.0,2.0,2.0,2.0,0.0,0.0,0.0,0.0,0.0,0.0,0.0,0.0,7.36,27.0,38.0,Mia,Home,28.0,11-28-23,12,False,0,0
10192,Geno Smith,Sea,QB,L 13-31,15.9,180.0,0.0,1.0,4.0,21.0,0.0,0.0,0.0,0.0,0.0,0.0,0.0,0.0,7.3,18.0,27.0,SF,Home,29.0,11-28-23,12,False,0,0
10200,Will Levis,Ten,QB,W 17-10,15.4,185.0,0.0,0.0,3.0,-3.0,0.0,0.0,0.0,0.0,0.0,0.0,0.0,0.0,7.1,18.0,28.0,Car,Home,30.0,11-28-23,12,False,0,1
10237,Joshua Dobbs,Min,QB,L 10-12,16.6,185.0,1.0,4.0,2.0,11.0,0.0,0.0,0.0,0.0,0.0,0.0,0.0,0.0,4.5,22.0,32.0,Chi,Home,31.0,11-28-23,12,False,0,0
10296,Clayton Tune,Ari,QB,L 14-37,0.0,0.0,0.0,0.0,0.0,0.0,0.0,0.0,0.0,0.0,0.0,0.0,0.0,0.0,2.0,0.0,0.0,LAR,Home,32.0,11-28-23,12,False,0,0
10341,Bailey Zappe,NE,QB,L 7-10,0.0,54.0,0.0,1.0,0.0,0.0,0.0,0.0,0.0,0.0,0.0,0.0,0.0,0.0,0.16,9.0,14.0,NYG,Away,33.0,11-28-23,12,False,0,0
10342,PJ Walker,Cle,QB,L 12-29,0.0,56.0,0.0,0.0,1.0,-1.0,0.0,0.0,0.0,0.0,0.0,0.0,1.0,0.0,0.14,6.0,13.0,Den,Away,34.0,11-28-23,12,False,0,0
10431,Carson Wentz,LAR,QB,W 37-14,0.0,0.0,0.0,0.0,0.0,0.0,0.0,0.0,0.0,0.0,0.0,0.0,0.0,0.0,0.0,0.0,0.0,Ari,Away,36.0,11-28-23,12,False,0,1
10442,Kyle Trask,TB,QB,L 20-27,0.0,0.0,0.0,0.0,0.0,0.0,0.0,0.0,0.0,0.0,0.0,0.0,0.0,0.0,0.0,0.0,1.0,Ind,Away,36.0,11-28-23,12,False,0,0
10583,Sam Ehlinger,Ind,QB,W 27-20,0.0,0.0,0.0,0.0,0.0,0.0,0.0,0.0,0.0,0.0,0.0,0.0,0.0,0.0,0.0,0.0,0.0,TB,Home,36.0,11-28-23,12,False,0,1
10699,Mike White,Mia,QB,W 34-13,0.0,0.0,0.0,0.0,1.0,-2.0,0.0,0.0,0.0,0.0,0.0,0.0,0.0,0.0,-0.2,0.0,0.0,NYJ,Away,38.0,11-28-23,12,False,0,1
10700,Mac Jones,NE,QB,L 7-10,11.7,89.0,0.0,2.0,0.0,0.0,0.0,0.0,0.0,0.0,0.0,0.0,0.0,0.0,-0.44,12.0,21.0,NYG,Away,39.0,11-28-23,12,False,0,0
11067,Josh Allen,Buf,QB,W 24-22,21.2,237.0,1.0,1.0,5.0,15.0,2.0,0.0,0.0,0.0,0.0,0.0,0.0,0.0,24.98,15.0,21.0,LAC,Away,1.0,12-26-23,16,False,0,1
11068,Derek Carr,NO,QB,L 22-30,14.2,319.0,3.0,1.0,2.0,2.0,0.0,0.0,0.0,0.0,0.0,0.0,0.0,0.0,24.96,27.0,40.0,LAR,Away,2.0,12-26-23,16,False,0,0
11069,Joe Flacco,Cle,QB,W 36-22,12.9,368.0,3.0,2.0,2.0,1.0,0.0,0.0,0.0,0.0,0.0,0.0,0.0,0.0,24.82,27.0,42.0,Hou,Away,3.0,12-26-23,16,False,0,1
11070,Justin Fields,Chi,QB,W 27-16,20.0,170.0,1.0,1.0,9.0,97.0,1.0,0.0,0.0,0.0,0.0,0.0,0.0,0.0,24.5,15.0,27.0,Ari,Home,4.0,12-26-23,16,False,0,1
11072,Jordan Love,GB,QB,W 33-30,16.6,219.0,2.0,0.0,2.0,12.0,1.0,0.0,0.0,0.0,0.0,0.0,0.0,0.0,23.96,17.0,28.0,Car,Away,5.0,12-26-23,16,False,0,1
11073,Russell Wilson,Den,QB,L 23-26,15.4,238.0,2.0,0.0,4.0,20.0,0.0,0.0,0.0,0.0,0.0,0.0,0.0,0.0,23.52,25.0,37.0,NE,Home,6.0,12-26-23,16,False,0,0
11074,Jalen Hurts,Phi,QB,W 33-25,21.0,301.0,1.0,1.0,8.0,34.0,1.0,0.0,0.0,0.0,0.0,0.0,0.0,0.0,23.44,24.0,38.0,NYG,Home,7.0,12-26-23,16,False,0,1
11077,Lamar Jackson,Bal,QB,W 33-19,21.2,252.0,2.0,0.0,7.0,45.0,0.0,0.0,0.0,0.0,0.0,0.0,0.0,0.0,22.58,23.0,35.0,SF,Away,8.0,12-26-23,16,False,0,1
11080,Bryce Young,Car,QB,L 30-33,12.1,312.0,2.0,0.0,4.0,17.0,0.0,0.0,0.0,0.0,0.0,0.0,0.0,0.0,22.18,23.0,36.0,GB,Home,9.0,12-26-23,16,False,0,0
11083,Matthew Stafford,LAR,QB,W 30-22,15.3,328.0,2.0,0.0,1.0,-4.0,0.0,0.0,0.0,0.0,0.0,0.0,0.0,0.0,20.72,24.0,34.0,NO,Home,10.0,12-26-23,16,False,0,1
11085,Kyler Murray,Ari,QB,L 16-27,15.7,230.0,2.0,0.0,5.0,32.0,0.0,0.0,0.0,0.0,0.0,0.0,0.0,0.0,20.4,24.0,38.0,Chi,Away,11.0,12-26-23,16,False,0,0
11087,Mason Rudolph,Pit,QB,W 34-11,13.6,290.0,2.0,0.0,2.0,4.0,0.0,0.0,0.0,0.0,0.0,0.0,0.0,0.0,20.0,17.0,27.0,Cin,Home,12.0,12-26-23,16,False,0,1
11088,Baker Mayfield,TB,QB,W 30-12,16.9,283.0,2.0,0.0,5.0,5.0,0.0,0.0,0.0,0.0,0.0,0.0,0.0,0.0,19.82,26.0,35.0,Jax,Home,13.0,12-26-23,16,False,0,1
11096,Dak Prescott,Dal,QB,L 20-22,19.4,253.0,2.0,0.0,5.0,25.0,0.0,0.0,0.0,0.0,0.0,0.0,1.0,0.0,18.62,20.0,32.0,Mia,Away,14.0,12-26-23,16,False,0,0
11104,Geno Smith,Sea,QB,W 20-17,16.1,227.0,2.0,0.0,1.0,2.0,0.0,0.0,0.0,0.0,0.0,0.0,0.0,0.0,17.28,25.0,36.0,Ten,Away,15.0,12-26-23,16,False,0,1
11105,Easton Stick,LAC,QB,L 22-24,13.7,215.0,0.0,0.0,7.0,25.0,1.0,0.0,0.0,0.0,0.0,0.0,0.0,0.0,17.1,23.0,33.0,Buf,Home,16.0,12-26-23,16,False,0,0
11106,Davis Mills,Hou,QB,L 22-36,0.0,149.0,2.0,0.0,2.0,9.0,0.0,0.0,0.0,0.0,0.0,0.0,0.0,0.0,16.86,15.0,32.0,Cle,Home,17.0,12-26-23,16,False,0,0
11107,Patrick Mahomes,KC,QB,L 14-20,18.2,235.0,1.0,1.0,10.0,53.0,0.0,0.0,0.0,0.0,0.0,0.0,0.0,0.0,16.7,27.0,44.0,LV,Home,18.0,12-26-23,16,False,0,0
11108,Nick Mullens,Min,QB,L 24-30,15.9,411.0,2.0,4.0,1.0,1.0,0.0,0.0,0.0,0.0,0.0,0.0,0.0,0.0,16.54,22.0,36.0,Det,Home,19.0,12-26-23,16,False,0,0
11109,Bailey Zappe,NE,QB,W 26-23,12.6,256.0,2.0,0.0,1.0,2.0,0.0,0.0,0.0,0.0,0.0,0.0,1.0,0.0,16.44,25.0,33.0,Den,Away,20.0,12-26-23,16,False,0,1
11117,Tua Tagovailoa,Mia,QB,W 22-20,16.2,293.0,1.0,0.0,2.0,-2.0,0.0,0.0,0.0,0.0,0.0,0.0,0.0,0.0,15.52,24.0,37.0,Dal,Home,21.0,12-26-23,16,False,0,1
11126,Jared Goff,Det,QB,W 30-24,15.2,257.0,1.0,0.0,3.0,0.0,0.0,0.0,0.0,0.0,0.0,0.0,0.0,0.0,14.28,30.0,40.0,Min,Away,22.0,12-26-23,16,False,0,1
11127,Taylor Heinicke,Atl,QB,W 29-10,13.4,229.0,1.0,0.0,2.0,10.0,0.0,0.0,0.0,0.0,0.0,0.0,0.0,0.0,14.16,23.0,33.0,Ind,Home,23.0,12-26-23,16,False,0,1
11137,Jake Browning,Cin,QB,L 11-34,16.5,335.0,1.0,3.0,1.0,0.0,0.0,0.0,0.0,0.0,0.0,0.0,0.0,0.0,13.4,28.0,42.0,Pit,Away,24.0,12-26-23,16,False,0,0
11162,Trevor Siemian,NYJ,QB,W 30-28,13.3,217.0,1.0,1.0,4.0,18.0,0.0,0.0,0.0,0.0,0.0,0.0,1.0,0.0,10.48,27.0,49.0,Wsh,Home,25.0,12-26-23,16,False,0,1
11172,Ryan Tannehill,Ten,QB,L 17-20,14.8,152.0,0.0,0.0,2.0,37.0,0.0,0.0,0.0,0.0,0.0,0.0,0.0,0.0,9.78,18.0,26.0,Sea,Home,26.0,12-26-23,16,False,0,0
11176,Tyrod Taylor,NYG,QB,L 25-33,0.0,133.0,1.0,1.0,2.0,21.0,0.0,0.0,0.0,0.0,0.0,0.0,0.0,0.0,9.42,7.0,16.0,Phi,Away,27.0,12-26-23,16,False,0,0
11179,Trevor Lawrence,Jax,QB,L 12-30,17.5,211.0,1.0,2.0,4.0,29.0,0.0,0.0,0.0,0.0,0.0,0.0,1.0,0.0,9.34,17.0,29.0,TB,Away,28.0,12-26-23,16,False,0,0
11183,Gardner Minshew,Ind,QB,L 10-29,13.7,201.0,0.0,1.0,4.0,31.0,0.0,0.0,0.0,0.0,0.0,0.0,0.0,0.0,9.14,20.0,37.0,Atl,Away,29.0,12-26-23,16,False,0,0
11187,Jacoby Brissett,Wsh,QB,L 28-30,0.0,100.0,1.0,0.0,1.0,10.0,0.0,0.0,0.0,0.0,0.0,0.0,0.0,0.0,9.0,10.0,13.0,NYJ,Away,30.0,12-26-23,16,False,0,0
11196,C.J. Beathard,Jax,QB,L 12-30,0.0,94.0,1.0,0.0,1.0,6.0,0.0,0.0,0.0,0.0,0.0,0.0,0.0,0.0,8.36,11.0,15.0,TB,Away,31.0,12-26-23,16,False,0,0
11229,Sam Darnold,SF,QB,L 19-33,0.0,81.0,1.0,1.0,1.0,9.0,0.0,0.0,0.0,0.0,0.0,0.0,0.0,0.0,6.14,8.0,14.0,Bal,Home,32.0,12-26-23,16,False,0,0
11277,Tommy DeVito,NYG,QB,L 25-33,15.6,55.0,0.0,0.0,1.0,5.0,0.0,0.0,0.0,0.0,0.0,0.0,0.0,0.0,2.7,9.0,16.0,Phi,Away,33.0,12-26-23,16,False,0,0
11284,Brock Purdy,SF,QB,L 19-33,18.9,255.0,0.0,4.0,1.0,2.0,0.0,0.0,0.0,0.0,0.0,0.0,0.0,0.0,2.4,18.0,32.0,Bal,Home,34.0,12-26-23,16,False,0,0
11299,Aidan O'Connell,LV,QB,W 20-14,13.1,62.0,0.0,0.0,4.0,-4.0,0.0,0.0,0.0,0.0,0.0,0.0,0.0,0.0,2.08,9.0,21.0,KC,Away,35.0,12-26-23,16,False,0,1
11312,Dorian Thompson-Robinson,Cle,QB,W 36-22,0.3,6.0,0.0,0.0,1.0,-5.0,0.0,0.0,0.0,0.0,0.0,0.0,0.0,0.0,1.74,1.0,2.0,Hou,Away,36.0,12-26-23,16,False,0,1
11590,Sam Ehlinger,Ind,QB,L 10-29,0.0,0.0,0.0,0.0,0.0,0.0,0.0,0.0,0.0,0.0,0.0,0.0,0.0,0.0,0.0,0.0,0.0,Atl,Away,37.0,12-26-23,16,False,0,0
11712,Case Keenum,Hou,QB,L 22-36,11.6,62.0,0.0,2.0,0.0,0.0,0.0,0.0,0.0,0.0,0.0,0.0,0.0,0.0,-1.52,11.0,17.0,Cle,Home,38.0,12-26-23,16,False,0,0
11714,Sam Howell,Wsh,QB,L 28-30,13.3,56.0,0.0,2.0,0.0,0.0,0.0,0.0,0.0,0.0,0.0,0.0,0.0,0.0,-1.76,6.0,22.0,NYJ,Away,39.0,12-26-23,16,False,0,0
12062,Lamar Jackson,Bal,QB,W 56-19,20.6,321.0,5.0,0.0,6.0,35.0,0.0,0.0,0.0,0.0,0.0,0.0,0.0,0.0,36.34,18.0,21.0,Mia,Home,1.0,01-02-24,17,False,0,1
12066,Jordan Love,GB,QB,W 33-10,16.4,256.0,3.0,0.0,2.0,2.0,1.0,0.0,0.0,0.0,0.0,0.0,0.0,0.0,28.44,24.0,33.0,Min,Away,2.0,01-02-24,17,False,0,1
12072,Justin Fields,Chi,QB,W 37-17,16.8,268.0,1.0,0.0,11.0,45.0,1.0,0.0,0.0,0.0,0.0,0.0,0.0,0.0,25.22,20.0,32.0,Atl,Home,3.0,01-02-24,17,False,0,1
12076,Kyler Murray,Ari,QB,W 35-31,17.9,232.0,3.0,1.0,5.0,24.0,0.0,0.0,0.0,0.0,0.0,0.0,0.0,0.0,23.68,25.0,31.0,Phi,Away,4.0,01-02-24,17,False,0,1
12078,Joe Flacco,Cle,QB,W 37-20,14.0,309.0,3.0,1.0,2.0,3.0,0.0,0.0,0.0,0.0,0.0,0.0,0.0,0.0,22.66,19.0,29.0,NYJ,Home,5.0,01-02-24,17,False,0,1
12082,Josh Allen,Buf,QB,W 27-21,19.6,169.0,0.0,1.0,11.0,44.0,2.0,0.0,0.0,0.0,0.0,0.0,0.0,0.0,21.16,15.0,30.0,NE,Home,6.0,01-02-24,17,False,0,1
12083,Jake Browning,Cin,QB,L 17-25,16.2,197.0,1.0,0.0,7.0,32.0,1.0,0.0,0.0,0.0,0.0,0.0,0.0,0.0,21.08,19.0,33.0,KC,Away,7.0,01-02-24,17,False,0,0
12086,Dak Prescott,Dal,QB,W 20-19,22.0,345.0,2.0,1.0,2.0,5.0,0.0,0.0,0.0,0.0,0.0,0.0,0.0,0.0,20.3,26.0,38.0,Det,Home,8.0,01-02-24,17,False,0,1
12087,Aidan O'Connell,LV,QB,L 20-23,13.3,299.0,2.0,0.0,2.0,3.0,0.0,0.0,0.0,0.0,0.0,0.0,0.0,0.0,20.26,30.0,47.0,Ind,Away,9.0,01-02-24,17,False,0,0
12092,Jalen Hurts,Phi,QB,L 31-35,23.8,167.0,3.0,1.0,8.0,25.0,0.0,0.0,0.0,0.0,0.0,0.0,0.0,0.0,19.18,18.0,23.0,Ari,Home,10.0,01-02-24,17,False,0,0
12093,Tyrod Taylor,NYG,QB,L 25-26,14.2,319.0,1.0,1.0,6.0,40.0,0.0,0.0,0.0,0.0,0.0,0.0,0.0,0.0,18.76,27.0,41.0,LAR,Home,11.0,01-02-24,17,False,0,0
12099,Brock Purdy,SF,QB,W 27-10,20.0,230.0,2.0,0.0,1.0,4.0,0.0,0.0,0.0,0.0,0.0,0.0,0.0,0.0,17.6,22.0,28.0,Wsh,Away,12.0,01-02-24,17,False,0,1
12106,Geno Smith,Sea,QB,L 23-30,15.9,290.0,1.0,0.0,3.0,33.0,0.0,0.0,0.0,0.0,0.0,0.0,1.0,0.0,16.9,23.0,33.0,Pit,Home,13.0,01-02-24,17,False,0,0
12110,Baker Mayfield,TB,QB,L 13-23,16.8,309.0,2.0,2.0,1.0,-1.0,0.0,0.0,0.0,0.0,0.0,0.0,0.0,0.0,16.26,22.0,33.0,NO,Home,14.0,01-02-24,17,False,0,0
12117,Derek Carr,NO,QB,W 23-13,14.8,197.0,2.0,0.0,3.0,-3.0,0.0,0.0,0.0,0.0,0.0,0.0,0.0,0.0,15.58,24.0,32.0,TB,Away,15.0,01-02-24,17,False,0,1
12121,Taylor Heinicke,Atl,QB,L 17-37,12.4,163.0,1.0,3.0,4.0,46.0,1.0,0.0,0.0,0.0,0.0,0.0,0.0,0.0,15.12,10.0,29.0,Chi,Away,16.0,01-02-24,17,False,0,0
12124,Tua Tagovailoa,Mia,QB,L 19-56,14.9,237.0,2.0,2.0,2.0,14.0,0.0,0.0,0.0,0.0,0.0,0.0,0.0,0.0,14.88,22.0,38.0,Bal,Away,17.0,01-02-24,17,False,0,0
12129,Trevor Siemian,NYJ,QB,L 20-37,9.7,261.0,1.0,1.0,4.0,13.0,0.0,0.0,0.0,0.0,0.0,0.0,0.0,0.0,13.74,32.0,45.0,Cle,Away,18.0,01-02-24,17,False,0,0
12132,Jarrett Stidham,Den,QB,W 16-9,14.8,224.0,1.0,0.0,6.0,6.0,0.0,0.0,0.0,0.0,0.0,0.0,0.0,0.0,13.56,20.0,32.0,LAC,Home,19.0,01-02-24,17,False,0,1
12133,Gardner Minshew,Ind,QB,W 23-20,13.2,224.0,1.0,0.0,2.0,3.0,0.0,0.0,0.0,0.0,0.0,0.0,0.0,0.0,13.26,15.0,23.0,LV,Home,20.0,01-02-24,17,False,0,1
12136,C.J. Stroud,Hou,QB,W 26-3,19.0,213.0,1.0,0.0,1.0,4.0,0.0,0.0,0.0,0.0,0.0,0.0,0.0,0.0,12.92,24.0,32.0,Ten,Home,21.0,01-02-24,17,False,0,1
12140,Matthew Stafford,LAR,QB,W 26-25,15.8,317.0,1.0,2.0,1.0,-1.0,0.0,0.0,0.0,0.0,0.0,0.0,0.0,0.0,12.58,24.0,34.0,NYG,Away,22.0,01-02-24,17,False,0,1
12143,Bailey Zappe,NE,QB,L 21-27,12.6,209.0,0.0,3.0,5.0,37.0,1.0,0.0,0.0,0.0,0.0,0.0,0.0,0.0,12.06,16.0,26.0,Buf,Away,23.0,01-02-24,17,False,0,0
12144,Patrick Mahomes,KC,QB,W 25-17,20.4,245.0,1.0,0.0,4.0,2.0,0.0,0.0,0.0,0.0,0.0,0.0,1.0,0.0,12.0,21.0,29.0,Cin,Home,24.0,01-02-24,17,False,0,1
12146,Easton Stick,LAC,QB,L 9-16,15.6,220.0,0.0,0.0,5.0,31.0,0.0,0.0,0.0,0.0,0.0,0.0,0.0,0.0,11.9,24.0,38.0,Den,Away,25.0,01-02-24,17,False,0,0
12154,Mason Rudolph,Pit,QB,W 30-23,13.4,274.0,0.0,0.0,6.0,5.0,0.0,0.0,0.0,0.0,0.0,0.0,0.0,0.0,11.46,18.0,24.0,Sea,Away,26.0,01-02-24,17,False,0,1
12160,Jared Goff,Det,QB,L 19-20,16.4,271.0,1.0,2.0,0.0,0.0,0.0,0.0,0.0,0.0,0.0,0.0,0.0,0.0,10.84,19.0,34.0,Dal,Away,27.0,01-02-24,17,False,0,0
12174,C.J. Beathard,Jax,QB,W 26-0,14.9,178.0,0.0,0.0,3.0,24.0,0.0,0.0,0.0,0.0,0.0,0.0,0.0,0.0,9.52,17.0,24.0,Car,Home,28.0,01-02-24,17,False,0,1
12181,Nick Mullens,Min,QB,L 10-33,0.0,113.0,1.0,0.0,1.0,6.0,0.0,0.0,0.0,0.0,0.0,0.0,0.0,0.0,9.12,13.0,22.0,GB,Home,29.0,01-02-24,17,False,0,0
12213,Ryan Tannehill,Ten,QB,L 3-26,0.0,168.0,0.0,0.0,0.0,0.0,0.0,0.0,0.0,0.0,0.0,0.0,0.0,0.0,6.72,16.0,20.0,Hou,Away,30.0,01-02-24,17,False,0,0
12216,Sam Howell,Wsh,QB,L 10-27,14.4,169.0,1.0,2.0,1.0,-1.0,0.0,0.0,0.0,0.0,0.0,0.0,0.0,0.0,6.66,17.0,28.0,SF,Home,31.0,01-02-24,17,False,0,0
12250,Tyler Huntley,Bal,QB,W 56-19,0.0,19.0,1.0,0.0,1.0,-1.0,0.0,0.0,0.0,0.0,0.0,0.0,0.0,0.0,4.66,1.0,1.0,Mia,Home,32.0,01-02-24,17,False,0,1
12287,Bryce Young,Car,QB,L 0-26,11.9,112.0,0.0,1.0,1.0,2.0,0.0,0.0,0.0,0.0,0.0,0.0,0.0,0.0,2.68,19.0,32.0,Jax,Away,33.0,01-02-24,17,False,0,0
12325,Sean Clifford,GB,QB,W 33-10,0.0,37.0,0.0,0.0,2.0,-2.0,0.0,0.0,0.0,0.0,0.0,0.0,0.0,0.0,1.28,1.0,1.0,Min,Away,34.0,01-02-24,17,False,0,1
12512,Clayton Tune,Ari,QB,W 35-31,0.0,0.0,0.0,0.0,0.0,0.0,0.0,0.0,0.0,0.0,0.0,0.0,0.0,0.0,0.0,0.0,0.0,Phi,Away,35.5,01-02-24,17,False,0,1
12514,Davis Mills,Hou,QB,W 26-3,0.0,0.0,0.0,0.0,0.0,0.0,0.0,0.0,0.0,0.0,0.0,0.0,0.0,0.0,0.0,0.0,0.0,Ten,Home,35.5,01-02-24,17,False,0,1
12719,Sam Darnold,SF,QB,W 27-10,0.0,0.0,0.0,0.0,2.0,-2.0,0.0,0.0,0.0,0.0,0.0,0.0,0.0,0.0,-0.2,0.0,0.0,Wsh,Away,37.5,01-02-24,17,False,0,1
12720,Kyle Allen,Buf,QB,W 27-21,0.0,0.0,0.0,0.0,2.0,-2.0,0.0,0.0,0.0,0.0,0.0,0.0,0.0,0.0,-0.2,0.0,0.0,NE,Home,37.5,01-02-24,17,False,0,1
12721,Matt Barkley,Jax,QB,W 26-0,0.0,0.0,0.0,0.0,3.0,-3.0,0.0,0.0,0.0,0.0,0.0,0.0,0.0,0.0,-0.3,0.0,0.0,Car,Home,39.0,01-02-24,17,False,0,1
12723,Jaren Hall,Min,QB,L 10-33,15.2,67.0,0.0,1.0,2.0,4.0,0.0,0.0,0.0,0.0,0.0,0.0,1.0,0.0,-0.92,5.0,10.0,GB,Home,40.0,01-02-24,17,False,0,0
12724,Desmond Ridder,Atl,QB,L 17-37,0.0,17.0,0.0,1.0,0.0,0.0,0.0,0.0,0.0,0.0,0.0,0.0,0.0,0.0,-1.32,3.0,4.0,Chi,Away,41.0,01-02-24,17,False,0,0
12725,Will Levis,Ten,QB,L 3-26,14.5,16.0,0.0,0.0,0.0,0.0,0.0,0.0,0.0,0.0,0.0,0.0,1.0,0.0,-1.36,2.0,6.0,Hou,Away,42.0,01-02-24,17,False,0,0
12727,Mike White,Mia,QB,L 19-56,0.0,0.0,0.0,0.0,1.0,0.0,0.0,0.0,0.0,0.0,0.0,0.0,1.0,0.0,-2.0,0.0,0.0,Bal,Away,43.0,01-02-24,17,False,0,0
13066,Daniel Jones,NYG,QB,W 31-28,18.1,321.0,2.0,1.0,9.0,59.0,1.0,0.0,0.0,0.0,0.0,0.0,0.0,0.0,30.74,26.0,37.0,Ari,Away,1.0,09-19-23,2,False,0,1
13071,Kirk Cousins,Min,QB,L 28-34,17.9,364.0,4.0,0.0,0.0,0.0,0.0,0.0,0.0,0.0,0.0,0.0,1.0,0.0,28.56,31.0,44.0,Phi,Away,2.0,09-19-23,2,False,0,0
13076,Russell Wilson,Den,QB,L 33-35,15.8,308.0,3.0,1.0,6.0,56.0,0.0,0.0,0.0,0.0,0.0,0.0,1.0,0.0,25.92,18.0,32.0,Wsh,Home,3.0,09-19-23,2,False,0,0
13081,Joshua Dobbs,Ari,QB,L 28-31,13.0,228.0,1.0,0.0,3.0,41.0,1.0,0.0,0.0,0.0,0.0,0.0,0.0,0.0,25.22,21.0,31.0,NYG,Home,4.5,09-19-23,2,False,0,0
13082,Jalen Hurts,Phi,QB,W 34-28,24.7,193.0,1.0,1.0,12.0,35.0,2.0,0.0,0.0,0.0,0.0,0.0,0.0,0.0,25.22,18.0,23.0,Min,Home,4.5,09-19-23,2,False,0,1
13085,Josh Allen,Buf,QB,W 38-10,24.4,274.0,3.0,0.0,3.0,7.0,0.0,0.0,0.0,0.0,0.0,0.0,0.0,0.0,23.66,31.0,37.0,LV,Home,6.0,09-19-23,2,False,0,1
13087,Geno Smith,Sea,QB,W 37-31,17.6,328.0,2.0,0.0,3.0,20.0,0.0,0.0,0.0,0.0,0.0,0.0,0.0,0.0,23.12,32.0,41.0,Det,Away,7.0,09-19-23,2,False,0,1
13089,Jared Goff,Det,QB,L 31-37,15.7,323.0,3.0,1.0,0.0,0.0,0.0,0.0,0.0,0.0,0.0,0.0,0.0,0.0,22.92,28.0,35.0,Sea,Home,8.0,09-19-23,2,False,0,0
13090,Lamar Jackson,Bal,QB,W 27-24,20.6,237.0,2.0,0.0,12.0,54.0,0.0,0.0,0.0,0.0,0.0,0.0,0.0,0.0,22.88,24.0,33.0,Cin,Away,9.0,09-19-23,2,False,0,1
13093,Justin Herbert,LAC,QB,L 24-27,19.0,305.0,2.0,0.0,1.0,0.0,0.0,0.0,0.0,0.0,0.0,0.0,0.0,0.0,22.2,27.0,41.0,Ten,Away,10.0,09-19-23,2,False,0,0
13096,C.J. Stroud,Hou,QB,L 20-31,14.1,384.0,2.0,0.0,3.0,1.0,0.0,0.0,0.0,0.0,0.0,0.0,1.0,0.0,21.46,30.0,47.0,Ind,Home,11.0,09-19-23,2,False,0,0
13097,Desmond Ridder,Atl,QB,W 25-24,12.4,237.0,1.0,1.0,10.0,39.0,1.0,0.0,0.0,0.0,0.0,0.0,0.0,0.0,21.38,19.0,32.0,GB,Home,12.0,09-19-23,2,False,0,1
13099,Sam Howell,Wsh,QB,W 35-33,14.9,299.0,2.0,0.0,2.0,13.0,0.0,0.0,0.0,0.0,0.0,0.0,0.0,0.0,21.26,27.0,39.0,Den,Away,13.0,09-19-23,2,False,0,1
13100,Patrick Mahomes,KC,QB,W 17-9,23.3,305.0,2.0,1.0,7.0,30.0,0.0,0.0,0.0,0.0,0.0,0.0,0.0,0.0,21.2,29.0,41.0,Jax,Away,14.0,09-19-23,2,False,0,1
13103,Ryan Tannehill,Ten,QB,W 27-24,15.4,246.0,1.0,0.0,1.0,12.0,1.0,0.0,0.0,0.0,0.0,0.0,0.0,0.0,21.04,20.0,24.0,LAC,Home,15.0,09-19-23,2,False,0,1
13108,Jordan Love,GB,QB,L 24-25,15.3,151.0,3.0,0.0,2.0,23.0,0.0,0.0,0.0,0.0,0.0,0.0,0.0,0.0,20.34,14.0,25.0,Atl,Away,16.0,09-19-23,2,False,0,0
13114,Dak Prescott,Dal,QB,W 30-10,15.7,255.0,2.0,0.0,6.0,14.0,0.0,0.0,0.0,0.0,0.0,0.0,0.0,0.0,19.6,31.0,38.0,NYJ,Home,17.0,09-19-23,2,False,0,1
13118,Baker Mayfield,TB,QB,W 27-17,15.5,317.0,1.0,0.0,6.0,17.0,0.0,0.0,0.0,0.0,0.0,0.0,0.0,0.0,18.38,26.0,34.0,Chi,Home,18.0,09-19-23,2,False,0,1
13119,Anthony Richardson,Ind,QB,W 31-20,17.6,56.0,0.0,0.0,3.0,35.0,2.0,0.0,0.0,0.0,0.0,0.0,0.0,0.0,17.74,6.0,10.0,Hou,Away,19.0,09-19-23,2,False,0,1
13133,Joe Burrow,Cin,QB,L 24-27,20.7,222.0,2.0,1.0,1.0,5.0,0.0,0.0,0.0,0.0,0.0,0.0,0.0,0.0,15.38,27.0,41.0,Bal,Home,20.0,09-19-23,2,False,0,0
13137,Brock Purdy,SF,QB,W 30-23,17.1,206.0,0.0,0.0,3.0,5.0,1.0,0.0,0.0,0.0,0.0,0.0,0.0,0.0,14.74,17.0,25.0,LAR,Away,21.5,09-19-23,2,False,0,1
13138,Justin Fields,Chi,QB,L 17-27,19.0,211.0,1.0,2.0,4.0,3.0,1.0,0.0,0.0,0.0,0.0,0.0,0.0,0.0,14.74,16.0,29.0,TB,Away,21.5,09-19-23,2,False,0,0
13142,Matthew Stafford,LAR,QB,L 23-30,14.2,307.0,1.0,2.0,4.0,17.0,0.0,0.0,0.0,0.0,0.0,0.0,0.0,0.0,13.98,34.0,55.0,SF,Home,23.0,09-19-23,2,False,0,0
13143,Mac Jones,NE,QB,L 17-24,14.2,231.0,1.0,1.0,5.0,25.0,0.0,0.0,0.0,0.0,0.0,0.0,0.0,0.0,13.74,31.0,42.0,Mia,Home,24.0,09-19-23,2,False,0,0
13148,Bryce Young,Car,QB,L 17-20,12.7,153.0,1.0,0.0,2.0,34.0,0.0,0.0,0.0,0.0,0.0,0.0,1.0,0.0,13.52,22.0,33.0,NO,Home,25.0,09-19-23,2,False,0,0
13160,Tua Tagovailoa,Mia,QB,W 24-17,17.9,249.0,1.0,1.0,4.0,3.0,0.0,0.0,0.0,0.0,0.0,0.0,0.0,0.0,12.26,21.0,30.0,NE,Away,26.0,09-19-23,2,False,0,1
13166,Deshaun Watson,Cle,QB,L 22-26,17.0,235.0,1.0,1.0,6.0,22.0,0.0,0.0,0.0,0.0,0.0,0.0,2.0,0.0,11.6,22.0,40.0,Pit,Away,27.0,09-19-23,2,False,0,0
13171,Gardner Minshew,Ind,QB,W 31-20,0.0,171.0,1.0,0.0,2.0,3.0,0.0,0.0,0.0,0.0,0.0,0.0,0.0,0.0,11.14,19.0,23.0,Hou,Away,28.0,09-19-23,2,False,0,1
13179,Kenny Pickett,Pit,QB,W 26-22,13.8,222.0,1.0,1.0,4.0,-6.0,0.0,0.0,0.0,0.0,0.0,0.0,0.0,0.0,10.28,15.0,30.0,Cle,Home,29.0,09-19-23,2,False,0,1
13190,Trevor Lawrence,Jax,QB,L 9-17,18.4,216.0,0.0,0.0,5.0,26.0,0.0,0.0,0.0,0.0,0.0,0.0,1.0,0.0,9.24,22.0,41.0,KC,Home,30.0,09-19-23,2,False,0,0
13198,Zach Wilson,NYJ,QB,L 10-30,13.2,170.0,1.0,3.0,5.0,36.0,0.0,0.0,0.0,0.0,0.0,0.0,0.0,0.0,8.4,12.0,27.0,Dal,Away,31.0,09-19-23,2,False,0,0
13216,Jimmy Garoppolo,LV,QB,L 10-38,14.9,185.0,1.0,2.0,1.0,1.0,0.0,0.0,0.0,0.0,0.0,0.0,0.0,0.0,7.5,16.0,24.0,Buf,Away,32.0,09-19-23,2,False,0,0
13231,Derek Carr,NO,QB,W 20-17,14.6,228.0,0.0,1.0,3.0,-4.0,0.0,0.0,0.0,0.0,0.0,0.0,0.0,0.0,6.72,21.0,36.0,Car,Away,33.0,09-19-23,2,False,0,1
13406,Andy Dalton,Car,QB,L 17-20,0.0,0.0,0.0,0.0,0.0,0.0,0.0,0.0,0.0,0.0,0.0,0.0,0.0,0.0,0.0,0.0,0.0,NO,Home,34.5,09-19-23,2,False,0,0
13597,Tim Boyle,NYJ,QB,L 10-30,0.0,0.0,0.0,0.0,0.0,0.0,0.0,0.0,0.0,0.0,0.0,0.0,0.0,0.0,0.0,0.0,0.0,Dal,Away,34.5,09-19-23,2,False,0,0
13656,Kyle Allen,Buf,QB,W 38-10,0.0,0.0,0.0,0.0,2.0,-2.0,0.0,0.0,0.0,0.0,0.0,0.0,0.0,0.0,-0.2,0.0,0.0,LV,Home,36.0,09-19-23,2,False,0,1
14072,Jared Goff,Det,QB,W 42-17,15.0,278.0,5.0,0.0,0.0,0.0,0.0,0.0,0.0,0.0,0.0,0.0,0.0,0.0,31.12,24.0,34.0,Den,Home,1.0,12-19-23,15,False,0,1
14074,Baker Mayfield,TB,QB,W 34-20,15.6,381.0,4.0,0.0,2.0,-2.0,0.0,0.0,0.0,0.0,0.0,0.0,1.0,0.0,29.04,22.0,28.0,GB,Away,2.0,12-19-23,15,False,0,1
14079,Aidan O'Connell,LV,QB,W 63-21,12.7,248.0,4.0,0.0,0.0,0.0,0.0,0.0,0.0,0.0,0.0,0.0,0.0,0.0,25.92,20.0,34.0,LAC,Home,3.0,12-19-23,15,False,0,1
14080,Brock Purdy,SF,QB,W 45-29,20.4,242.0,4.0,0.0,0.0,0.0,0.0,0.0,0.0,0.0,0.0,0.0,0.0,0.0,25.68,16.0,25.0,Ari,Away,4.0,12-19-23,15,False,0,1
14091,Jalen Hurts,Phi,QB,L 17-20,22.4,143.0,0.0,2.0,13.0,82.0,2.0,0.0,0.0,0.0,0.0,0.0,0.0,0.0,21.92,17.0,31.0,Sea,Away,5.0,12-19-23,15,False,0,0
14099,Gardner Minshew,Ind,QB,W 30-13,13.4,215.0,3.0,0.0,2.0,0.0,0.0,0.0,0.0,0.0,0.0,0.0,0.0,0.0,20.6,18.0,28.0,Pit,Home,6.0,12-19-23,15,False,0,1
14100,Derek Carr,NO,QB,W 24-6,13.1,218.0,3.0,0.0,3.0,-4.0,0.0,0.0,0.0,0.0,0.0,0.0,0.0,0.0,20.32,23.0,28.0,NYG,Home,7.0,12-19-23,15,False,0,1
14105,Jake Browning,Cin,QB,W 27-24,14.4,324.0,2.0,1.0,4.0,0.0,0.0,0.0,0.0,0.0,0.0,0.0,0.0,0.0,18.96,29.0,42.0,Min,Home,8.0,12-19-23,15,False,0,1
14107,Lamar Jackson,Bal,QB,W 23-7,21.7,171.0,1.0,1.0,12.0,97.0,0.0,0.0,0.0,0.0,0.0,0.0,0.0,0.0,18.54,14.0,24.0,Jax,Away,9.0,12-19-23,15,False,0,1
14108,Matthew Stafford,LAR,QB,W 28-20,17.0,258.0,2.0,0.0,1.0,2.0,0.0,0.0,0.0,0.0,0.0,0.0,0.0,0.0,18.52,25.0,33.0,Wsh,Home,10.0,12-19-23,15,False,0,1
14112,Russell Wilson,Den,QB,L 17-42,17.1,223.0,1.0,0.0,7.0,6.0,1.0,0.0,0.0,0.0,0.0,0.0,1.0,0.0,17.52,18.0,32.0,Det,Away,11.0,12-19-23,15,False,0,0
14114,Jordan Love,GB,QB,L 20-34,17.9,284.0,2.0,0.0,2.0,1.0,0.0,0.0,0.0,0.0,0.0,0.0,1.0,0.0,17.46,29.0,39.0,TB,Home,12.0,12-19-23,15,False,0,0
14115,Easton Stick,LAC,QB,L 21-63,13.7,257.0,3.0,1.0,2.0,11.0,0.0,0.0,0.0,0.0,0.0,0.0,2.0,0.0,17.38,23.0,32.0,LV,Away,13.0,12-19-23,15,False,0,0
14117,Nick Mullens,Min,QB,L 24-27,15.3,303.0,2.0,2.0,6.0,10.0,0.0,0.0,0.0,0.0,0.0,0.0,0.0,0.0,17.12,26.0,33.0,Cin,Away,14.0,12-19-23,15,False,0,0
14118,Joe Flacco,Cle,QB,W 20-17,12.5,374.0,2.0,3.0,1.0,-1.0,0.0,0.0,0.0,0.0,0.0,0.0,0.0,0.0,16.86,28.0,44.0,Chi,Home,15.0,12-19-23,15,False,0,1
14120,Josh Allen,Buf,QB,W 31-10,21.1,94.0,1.0,0.0,8.0,24.0,1.0,0.0,0.0,0.0,0.0,0.0,0.0,0.0,16.16,7.0,15.0,Dal,Home,16.0,12-19-23,15,False,0,1
14123,Patrick Mahomes,KC,QB,W 27-17,17.5,305.0,2.0,2.0,3.0,-5.0,0.0,0.0,0.0,0.0,0.0,0.0,0.0,0.0,15.7,27.0,37.0,NE,Away,17.0,12-19-23,15,False,0,1
14134,Trevor Lawrence,Jax,QB,L 7-23,16.1,264.0,1.0,0.0,4.0,41.0,0.0,0.0,0.0,0.0,0.0,0.0,2.0,0.0,14.66,25.0,43.0,Bal,Home,18.0,12-19-23,15,False,0,0
14135,Will Levis,Ten,QB,L 16-19,14.6,199.0,0.0,1.0,4.0,25.0,1.0,0.0,0.0,0.0,0.0,0.0,0.0,0.0,14.46,17.0,26.0,Hou,Home,19.0,12-19-23,15,False,0,0
14140,Jacoby Brissett,Wsh,QB,L 20-28,0.0,124.0,2.0,0.0,2.0,9.0,0.0,0.0,0.0,0.0,0.0,0.0,0.0,0.0,13.86,8.0,10.0,LAR,Away,20.0,12-19-23,15,False,0,0
14141,Kyler Murray,Ari,QB,L 29-45,16.8,211.0,1.0,2.0,6.0,49.0,0.0,0.0,0.0,0.0,0.0,0.0,0.0,0.0,13.34,26.0,39.0,SF,Home,21.0,12-19-23,15,False,0,0
14143,Tua Tagovailoa,Mia,QB,W 30-0,14.2,224.0,1.0,0.0,0.0,0.0,0.0,0.0,0.0,0.0,0.0,0.0,0.0,0.0,12.96,21.0,24.0,NYJ,Home,22.0,12-19-23,15,False,0,1
14144,Mitch Trubisky,Pit,QB,L 13-30,13.6,169.0,1.0,2.0,2.0,1.0,1.0,0.0,0.0,0.0,0.0,0.0,0.0,0.0,12.86,16.0,23.0,Ind,Away,23.0,12-19-23,15,False,0,0
14150,Drew Lock,Sea,QB,W 20-17,0.0,208.0,1.0,0.0,1.0,-2.0,0.0,0.0,0.0,0.0,0.0,0.0,0.0,0.0,12.12,22.0,33.0,Phi,Home,24.0,12-19-23,15,False,0,1
14155,Case Keenum,Hou,QB,W 19-16,13.8,229.0,1.0,1.0,2.0,1.0,0.0,0.0,0.0,0.0,0.0,0.0,0.0,0.0,11.26,23.0,36.0,Ten,Away,25.0,12-19-23,15,False,0,1
14159,Tommy DeVito,NYG,QB,L 6-24,14.7,177.0,0.0,0.0,4.0,36.0,0.0,0.0,0.0,0.0,0.0,0.0,0.0,0.0,10.68,20.0,34.0,NO,Away,26.0,12-19-23,15,False,0,0
14176,Justin Fields,Chi,QB,L 17-20,18.0,166.0,1.0,2.0,7.0,30.0,0.0,0.0,0.0,0.0,0.0,0.0,0.0,0.0,9.64,19.0,40.0,Cle,Away,27.0,12-19-23,15,False,0,0
14181,Bailey Zappe,NE,QB,L 17-27,13.1,180.0,1.0,1.0,1.0,2.0,0.0,0.0,0.0,0.0,0.0,0.0,0.0,0.0,9.4,23.0,31.0,KC,Home,28.0,12-19-23,15,False,0,0
14196,Sam Howell,Wsh,QB,L 20-28,16.0,102.0,1.0,1.0,3.0,22.0,0.0,0.0,0.0,0.0,0.0,0.0,0.0,0.0,8.28,11.0,26.0,LAR,Away,29.0,12-19-23,15,False,0,0
14200,Desmond Ridder,Atl,QB,L 7-9,12.7,152.0,1.0,1.0,5.0,-2.0,0.0,0.0,0.0,0.0,0.0,0.0,0.0,0.0,7.88,12.0,20.0,Car,Away,30.0,12-19-23,15,False,0,0
14208,Bryce Young,Car,QB,W 9-7,10.4,167.0,0.0,0.0,4.0,9.0,0.0,0.0,0.0,0.0,0.0,0.0,0.0,0.0,7.58,18.0,24.0,Atl,Home,31.0,12-19-23,15,False,0,1
14235,Dak Prescott,Dal,QB,L 10-31,22.0,134.0,0.0,1.0,4.0,27.0,0.0,0.0,0.0,0.0,0.0,0.0,0.0,0.0,6.06,21.0,34.0,Buf,Away,32.0,12-19-23,15,False,0,0
14351,Sam Darnold,SF,QB,W 45-29,0.0,20.0,0.0,0.0,2.0,-2.0,0.0,0.0,0.0,0.0,0.0,0.0,0.0,0.0,0.6,2.0,3.0,Ari,Away,33.0,12-19-23,15,False,0,1
14352,Tyrod Taylor,NYG,QB,L 6-24,0.0,13.0,0.0,0.0,0.0,0.0,0.0,0.0,0.0,0.0,0.0,0.0,0.0,0.0,0.52,2.0,4.0,NO,Away,34.0,12-19-23,15,False,0,0
14359,Dorian Thompson-Robinson,Cle,QB,W 20-17,0.3,5.0,0.0,0.0,0.0,0.0,0.0,0.0,0.0,0.0,0.0,0.0,0.0,0.0,0.2,1.0,1.0,Chi,Home,35.0,12-19-23,15,False,0,1
14360,Mason Rudolph,Pit,QB,L 13-30,0.0,3.0,0.0,0.0,0.0,0.0,0.0,0.0,0.0,0.0,0.0,0.0,0.0,0.0,0.12,2.0,3.0,Ind,Away,36.0,12-19-23,15,False,0,0
14413,Jarrett Stidham,Den,QB,L 17-42,0.0,0.0,0.0,0.0,0.0,0.0,0.0,0.0,0.0,0.0,0.0,0.0,0.0,0.0,0.0,0.0,0.0,Det,Away,38.5,12-19-23,15,False,0,0
14424,Tyler Huntley,Bal,QB,W 23-7,0.0,0.0,0.0,0.0,0.0,0.0,0.0,0.0,0.0,0.0,0.0,0.0,0.0,0.0,0.0,0.0,0.0,Jax,Away,38.5,12-19-23,15,False,0,1
14514,Clayton Tune,Ari,QB,L 29-45,0.0,0.0,0.0,0.0,1.0,0.0,0.0,0.0,0.0,0.0,0.0,0.0,0.0,0.0,0.0,0.0,0.0,SF,Home,38.5,12-19-23,15,False,0,0
14516,Davis Mills,Hou,QB,W 19-16,0.0,0.0,0.0,0.0,0.0,0.0,0.0,0.0,0.0,0.0,0.0,0.0,0.0,0.0,0.0,0.0,0.0,Ten,Away,38.5,12-19-23,15,False,0,1
14716,Mike White,Mia,QB,W 30-0,0.0,4.0,0.0,0.0,2.0,-2.0,0.0,0.0,0.0,0.0,0.0,0.0,0.0,0.0,-0.04,2.0,2.0,NYJ,Home,41.0,12-19-23,15,False,0,1
14719,Kyle Allen,Buf,QB,W 31-10,0.0,0.0,0.0,0.0,2.0,-2.0,0.0,0.0,0.0,0.0,0.0,0.0,0.0,0.0,-0.2,0.0,0.0,Dal,Home,42.0,12-19-23,15,False,0,1
14722,Zach Wilson,NYJ,QB,L 0-30,12.5,26.0,0.0,0.0,0.0,0.0,0.0,0.0,0.0,0.0,0.0,0.0,1.0,0.0,-0.96,4.0,11.0,Mia,Away,43.0,12-19-23,15,False,0,0
14724,Trevor Siemian,NYJ,QB,L 0-30,0.0,110.0,0.0,2.0,0.0,0.0,0.0,0.0,0.0,0.0,0.0,0.0,1.0,0.0,-1.6,14.0,26.0,Mia,Away,44.0,12-19-23,15,False,0,0
15078,Sam Howell,Wsh,QB,L 31-38,15.5,397.0,4.0,1.0,3.0,11.0,0.0,0.0,0.0,0.0,0.0,0.0,0.0,0.0,30.98,39.0,52.0,Phi,Home,1.0,10-31-23,8,False,0,0
15082,Josh Allen,Buf,QB,W 24-18,21.3,324.0,2.0,1.0,7.0,41.0,1.0,0.0,0.0,0.0,0.0,0.0,0.0,0.0,29.06,31.0,40.0,TB,Home,2.0,10-31-23,8,False,0,1
15083,Dak Prescott,Dal,QB,W 43-20,16.6,304.0,4.0,1.0,4.0,19.0,0.0,0.0,0.0,0.0,0.0,0.0,0.0,0.0,28.06,25.0,31.0,LAR,Home,3.0,10-31-23,8,False,0,1
15084,Joe Burrow,Cin,QB,W 31-17,16.4,283.0,3.0,0.0,6.0,43.0,0.0,0.0,0.0,0.0,0.0,0.0,0.0,0.0,27.62,28.0,32.0,SF,Away,4.0,10-31-23,8,False,0,1
15085,Jalen Hurts,Phi,QB,W 38-31,22.8,319.0,4.0,0.0,4.0,6.0,0.0,0.0,0.0,0.0,0.0,0.0,1.0,0.0,27.36,29.0,38.0,Wsh,Away,5.0,10-31-23,8,False,0,1
15087,Will Levis,Ten,QB,W 28-23,10.6,238.0,4.0,0.0,7.0,11.0,0.0,0.0,0.0,0.0,0.0,0.0,0.0,0.0,26.62,19.0,29.0,Atl,Home,6.0,10-31-23,8,False,0,1
15095,Justin Herbert,LAC,QB,W 30-13,19.7,298.0,3.0,0.0,1.0,1.0,0.0,0.0,0.0,0.0,0.0,0.0,0.0,0.0,24.02,31.0,40.0,Chi,Home,7.0,10-31-23,8,False,0,1
15099,Joshua Dobbs,Min,QB,W 24-10,13.7,208.0,2.0,2.0,6.0,26.0,1.0,0.0,0.0,0.0,0.0,0.0,0.0,0.0,22.92,25.0,37.0,GB,Away,8.0,10-31-23,8,False,0,1
15104,Tua Tagovailoa,Mia,QB,W 31-17,18.9,324.0,3.0,1.0,6.0,8.0,0.0,0.0,0.0,0.0,0.0,0.0,1.0,0.0,21.76,30.0,45.0,NE,Home,9.0,10-31-23,8,False,0,1
15106,Baker Mayfield,TB,QB,L 18-24,16.2,237.0,2.0,0.0,3.0,19.0,0.0,0.0,0.0,0.0,0.0,0.0,0.0,0.0,21.38,25.0,42.0,Buf,Away,10.0,10-31-23,8,False,0,0
15110,Kirk Cousins,Min,QB,W 24-10,17.4,274.0,2.0,0.0,2.0,9.0,0.0,0.0,0.0,0.0,0.0,0.0,0.0,0.0,19.86,23.0,31.0,GB,Away,11.0,10-31-23,8,False,0,1
15113,Brock Purdy,SF,QB,L 17-31,16.8,365.0,1.0,2.0,6.0,57.0,0.0,0.0,0.0,0.0,0.0,0.0,1.0,0.0,18.3,22.0,31.0,Cin,Home,12.5,10-31-23,8,False,0,0
15114,Derek Carr,NO,QB,W 38-27,14.2,310.0,2.0,0.0,1.0,-1.0,0.0,0.0,0.0,0.0,0.0,0.0,1.0,0.0,18.3,19.0,27.0,Ind,Away,12.5,10-31-23,8,False,0,1
15122,Russell Wilson,Den,QB,W 24-9,15.5,114.0,3.0,0.0,8.0,30.0,0.0,0.0,0.0,0.0,0.0,0.0,1.0,0.0,17.56,12.0,19.0,KC,Home,14.0,10-31-23,8,False,0,1
15139,Gardner Minshew,Ind,QB,L 27-38,13.1,213.0,2.0,1.0,1.0,3.0,0.0,0.0,0.0,0.0,0.0,0.0,0.0,0.0,14.82,23.0,41.0,NO,Home,15.0,10-31-23,8,False,0,0
15141,Trevor Lawrence,Jax,QB,W 20-10,16.9,292.0,1.0,1.0,1.0,10.0,0.0,0.0,0.0,0.0,0.0,0.0,0.0,0.0,14.68,24.0,32.0,Pit,Away,16.0,10-31-23,8,False,0,1
15142,Jordan Love,GB,QB,L 10-24,14.9,229.0,1.0,1.0,4.0,34.0,0.0,0.0,0.0,0.0,0.0,0.0,0.0,0.0,14.56,24.0,41.0,Min,Home,17.0,10-31-23,8,False,0,0
15143,Bryce Young,Car,QB,W 15-13,14.1,235.0,1.0,0.0,4.0,11.0,0.0,0.0,0.0,0.0,0.0,0.0,0.0,0.0,14.5,22.0,31.0,Hou,Home,18.0,10-31-23,8,False,0,1
15151,Geno Smith,Sea,QB,W 24-20,13.8,254.0,2.0,2.0,2.0,-3.0,0.0,0.0,0.0,0.0,0.0,0.0,0.0,0.0,13.86,23.0,37.0,Cle,Home,19.0,10-31-23,8,False,0,1
15157,C.J. Stroud,Hou,QB,L 13-15,17.8,140.0,0.0,0.0,2.0,13.0,1.0,0.0,0.0,0.0,0.0,0.0,0.0,0.0,12.9,16.0,24.0,Car,Away,20.0,10-31-23,8,False,0,0
15158,Jared Goff,Det,QB,W 26-14,16.0,272.0,1.0,1.0,2.0,-2.0,0.0,0.0,0.0,0.0,0.0,0.0,0.0,0.0,12.68,26.0,37.0,LV,Home,21.0,10-31-23,8,False,0,1
15161,Taylor Heinicke,Atl,QB,L 23-28,0.0,175.0,1.0,0.0,2.0,14.0,0.0,0.0,0.0,0.0,0.0,0.0,0.0,0.0,12.4,12.0,21.0,Ten,Away,22.0,10-31-23,8,False,0,0
15163,Mac Jones,NE,QB,L 17-31,13.4,161.0,2.0,1.0,1.0,-2.0,0.0,0.0,0.0,0.0,0.0,0.0,0.0,0.0,12.24,19.0,29.0,Mia,Away,23.0,10-31-23,8,False,0,0
15165,Zach Wilson,NYJ,QB,W 13-10,12.6,240.0,1.0,0.0,4.0,25.0,0.0,0.0,0.0,0.0,0.0,0.0,2.0,0.0,12.1,17.0,36.0,NYG,Away,24.0,10-31-23,8,False,0,1
15166,Lamar Jackson,Bal,QB,W 31-24,23.5,157.0,1.0,0.0,5.0,17.0,0.0,0.0,0.0,0.0,0.0,0.0,0.0,0.0,11.98,18.0,27.0,Ari,Away,25.0,10-31-23,8,False,0,1
15172,Matthew Stafford,LAR,QB,L 20-43,14.8,162.0,1.0,1.0,1.0,9.0,0.0,0.0,0.0,0.0,0.0,0.0,0.0,0.0,11.38,13.0,22.0,Dal,Away,26.0,10-31-23,8,False,0,0
15173,Tyson Bagent,Chi,QB,L 13-30,14.3,232.0,0.0,2.0,4.0,-1.0,1.0,0.0,0.0,0.0,0.0,0.0,0.0,0.0,11.18,25.0,37.0,LAC,Away,27.0,10-31-23,8,False,0,0
15177,PJ Walker,Cle,QB,L 20-24,10.3,248.0,1.0,2.0,6.0,27.0,0.0,0.0,0.0,0.0,0.0,0.0,1.0,0.0,10.62,15.0,31.0,Sea,Away,28.0,10-31-23,8,False,0,0
15220,Mitch Trubisky,Pit,QB,L 10-20,0.0,138.0,1.0,2.0,3.0,18.0,0.0,0.0,0.0,0.0,0.0,0.0,0.0,0.0,7.32,15.0,27.0,Jax,Home,29.0,10-31-23,8,False,0,0
15225,Tommy DeVito,NYG,QB,L 10-13,0.0,-1.0,0.0,0.0,4.0,12.0,1.0,0.0,0.0,0.0,0.0,0.0,0.0,0.0,7.16,2.0,7.0,NYJ,Home,30.0,10-31-23,8,False,0,0
15251,Patrick Mahomes,KC,QB,L 9-24,24.3,241.0,0.0,2.0,3.0,20.0,0.0,0.0,0.0,0.0,0.0,0.0,1.0,0.0,5.64,24.0,38.0,Den,Away,31.0,10-31-23,8,False,0,0
15275,Jimmy Garoppolo,LV,QB,L 14-26,13.5,126.0,0.0,1.0,2.0,12.0,0.0,0.0,0.0,0.0,0.0,0.0,0.0,0.0,4.24,10.0,21.0,Det,Away,32.0,10-31-23,8,False,0,0
15281,Kenny Pickett,Pit,QB,L 10-20,14.1,73.0,0.0,0.0,1.0,10.0,0.0,0.0,0.0,0.0,0.0,0.0,0.0,0.0,3.92,10.0,16.0,Jax,Home,33.0,10-31-23,8,False,0,0
15284,Tyrod Taylor,NYG,QB,L 10-13,14.1,8.0,0.0,0.0,5.0,33.0,0.0,0.0,0.0,0.0,0.0,0.0,0.0,0.0,3.62,4.0,7.0,NYJ,Home,34.0,10-31-23,8,False,0,0
15287,Desmond Ridder,Atl,QB,L 23-28,13.9,71.0,0.0,0.0,3.0,26.0,0.0,0.0,0.0,0.0,0.0,0.0,1.0,0.0,3.44,8.0,12.0,Ten,Away,35.0,10-31-23,8,False,0,0
15326,Brett Rypien,LAR,QB,L 20-43,0.0,42.0,0.0,0.0,0.0,0.0,0.0,0.0,0.0,0.0,0.0,0.0,0.0,0.0,1.68,5.0,10.0,Dal,Away,36.0,10-31-23,8,False,0,0
15351,Dorian Thompson-Robinson,Cle,QB,L 20-24,0.0,9.0,0.0,0.0,0.0,0.0,0.0,0.0,0.0,0.0,0.0,0.0,0.0,0.0,0.36,1.0,1.0,Sea,Away,37.0,10-31-23,8,False,0,0
15442,Kyle Trask,TB,QB,L 18-24,0.0,0.0,0.0,0.0,0.0,0.0,0.0,0.0,0.0,0.0,0.0,0.0,0.0,0.0,0.0,0.0,0.0,Buf,Away,38.0,10-31-23,8,False,0,0
15696,Cooper Rush,Dal,QB,W 43-20,0.0,3.0,0.0,0.0,3.0,-3.0,0.0,0.0,0.0,0.0,0.0,0.0,0.0,0.0,-0.18,2.0,3.0,LAR,Home,39.0,10-31-23,8,False,0,1
15701,Jaren Hall,Min,QB,W 24-10,0.0,23.0,0.0,0.0,2.0,-1.0,0.0,0.0,0.0,0.0,0.0,0.0,1.0,0.0,-1.18,3.0,4.0,GB,Away,40.0,10-31-23,8,False,0,1
15702,Malik Willis,Ten,QB,W 28-23,1.2,0.0,0.0,0.0,2.0,4.0,0.0,0.0,0.0,0.0,0.0,0.0,1.0,0.0,-1.6,0.0,0.0,Atl,Home,41.0,10-31-23,8,False,0,1
16081,Lamar Jackson,Bal,QB,W 38-6,19.1,357.0,3.0,0.0,9.0,36.0,1.0,0.0,0.0,0.0,0.0,0.0,1.0,0.0,33.88,21.0,27.0,Det,Home,1.0,10-24-23,7,False,0,1
16082,Patrick Mahomes,KC,QB,W 31-17,22.8,424.0,4.0,1.0,4.0,29.0,0.0,0.0,0.0,0.0,0.0,0.0,0.0,0.0,33.86,32.0,42.0,LAC,Home,2.0,10-24-23,7,False,0,1
16088,Gardner Minshew,Ind,QB,L 38-39,11.5,305.0,2.0,1.0,3.0,29.0,2.0,0.0,0.0,0.0,0.0,0.0,3.0,0.0,27.1,15.0,23.0,Cle,Home,3.0,10-24-23,7,False,0,0
16090,Josh Allen,Buf,QB,L 25-29,19.7,265.0,2.0,1.0,7.0,17.0,1.0,0.0,0.0,0.0,0.0,0.0,1.0,0.0,24.3,27.0,41.0,NE,Away,4.0,10-24-23,7,False,0,0
16093,Jalen Hurts,Phi,QB,W 31-17,23.5,279.0,2.0,1.0,11.0,21.0,1.0,0.0,0.0,0.0,0.0,0.0,1.0,0.0,23.26,23.0,31.0,Mia,Home,5.0,10-24-23,7,False,0,1
16099,Tyrod Taylor,NYG,QB,W 14-7,13.7,279.0,2.0,0.0,8.0,25.0,0.0,0.0,0.0,0.0,0.0,0.0,0.0,0.0,21.66,18.0,29.0,Wsh,Home,6.0,10-24-23,7,False,0,1
16101,Kirk Cousins,Min,QB,W 22-17,15.7,378.0,2.0,1.0,2.0,-1.0,0.0,0.0,0.0,0.0,0.0,0.0,0.0,0.0,21.02,35.0,45.0,SF,Home,7.0,10-24-23,7,False,0,1
16104,Mac Jones,NE,QB,W 29-25,11.0,272.0,2.0,0.0,3.0,11.0,0.0,0.0,0.0,0.0,0.0,0.0,0.0,0.0,19.98,25.0,30.0,Buf,Home,8.0,10-24-23,7,False,0,1
16112,Trevor Lawrence,Jax,QB,W 31-24,15.1,204.0,1.0,0.0,8.0,59.0,0.0,0.0,0.0,0.0,0.0,0.0,0.0,0.0,18.06,20.0,29.0,NO,Away,9.0,10-24-23,7,False,0,1
16115,Derek Carr,NO,QB,L 24-31,14.2,301.0,1.0,1.0,3.0,14.0,0.0,0.0,0.0,0.0,0.0,0.0,0.0,0.0,17.44,33.0,55.0,Jax,Home,10.0,10-24-23,7,False,0,0
16123,Baker Mayfield,TB,QB,L 13-16,16.0,275.0,1.0,1.0,3.0,32.0,0.0,0.0,0.0,0.0,0.0,0.0,0.0,0.0,16.2,27.0,42.0,Atl,Home,11.0,10-24-23,7,False,0,0
16124,Joshua Dobbs,Min,QB,W 22-17,15.3,146.0,0.0,0.0,7.0,43.0,1.0,0.0,0.0,0.0,0.0,0.0,0.0,0.0,16.14,19.0,33.0,SF,Home,12.0,10-24-23,7,False,0,1
16131,Jordan Love,GB,QB,L 17-19,17.8,180.0,2.0,1.0,3.0,21.0,0.0,0.0,0.0,0.0,0.0,0.0,0.0,0.0,15.3,21.0,31.0,Den,Away,13.0,10-24-23,7,False,0,0
16132,Kenny Pickett,Pit,QB,W 24-17,14.8,230.0,0.0,0.0,8.0,0.0,1.0,0.0,0.0,0.0,0.0,0.0,0.0,0.0,15.2,17.0,25.0,LAR,Away,14.0,10-24-23,7,False,0,1
16137,Matthew Stafford,LAR,QB,L 17-24,15.2,231.0,1.0,1.0,1.0,8.0,0.0,0.0,0.0,0.0,0.0,0.0,0.0,0.0,14.04,14.0,29.0,Pit,Home,15.0,10-24-23,7,False,0,0
16138,Russell Wilson,Den,QB,W 19-17,16.2,194.0,1.0,0.0,1.0,21.0,0.0,0.0,0.0,0.0,0.0,0.0,0.0,0.0,13.86,20.0,29.0,GB,Home,16.0,10-24-23,7,False,0,1
16139,Desmond Ridder,Atl,QB,W 16-13,13.3,250.0,0.0,0.0,6.0,38.0,1.0,0.0,0.0,0.0,0.0,0.0,3.0,0.0,13.8,19.0,25.0,TB,Away,17.0,10-24-23,7,False,0,1
16140,Geno Smith,Sea,QB,W 20-10,16.8,219.0,2.0,1.0,6.0,10.0,0.0,0.0,0.0,0.0,0.0,0.0,1.0,0.0,13.76,18.0,24.0,Ari,Home,18.0,10-24-23,7,False,0,1
16148,Tyson Bagent,Chi,QB,W 30-12,12.0,162.0,1.0,0.0,3.0,24.0,0.0,0.0,0.0,0.0,0.0,0.0,0.0,0.0,12.88,21.0,29.0,LV,Home,19.0,10-24-23,7,False,0,1
16149,Brock Purdy,SF,QB,L 17-22,16.7,272.0,1.0,2.0,5.0,19.0,0.0,0.0,0.0,0.0,0.0,0.0,0.0,0.0,12.78,21.0,30.0,Min,Away,20.0,10-24-23,7,False,0,0
16166,Justin Herbert,LAC,QB,L 17-31,18.9,259.0,1.0,2.0,2.0,5.0,0.0,0.0,0.0,0.0,0.0,0.0,0.0,0.0,10.86,17.0,30.0,KC,Away,21.0,10-24-23,7,False,0,0
16171,Tua Tagovailoa,Mia,QB,L 17-31,20.3,216.0,1.0,1.0,1.0,-3.0,0.0,0.0,0.0,0.0,0.0,0.0,0.0,0.0,10.34,23.0,32.0,Phi,Away,22.0,10-24-23,7,False,0,0
16180,Sam Howell,Wsh,QB,L 7-14,15.6,249.0,0.0,1.0,2.0,15.0,0.0,0.0,0.0,0.0,0.0,0.0,0.0,0.0,9.46,22.0,42.0,NYG,Away,23.0,10-24-23,7,False,0,0
16181,Jared Goff,Det,QB,L 6-38,14.8,284.0,0.0,1.0,0.0,0.0,0.0,0.0,0.0,0.0,0.0,0.0,0.0,0.0,9.36,33.0,53.0,Bal,Away,24.0,10-24-23,7,False,0,0
16225,PJ Walker,Cle,QB,W 39-38,0.0,178.0,0.0,1.0,3.0,3.0,0.0,0.0,0.0,0.0,0.0,0.0,0.0,0.0,5.42,15.0,32.0,Ind,Away,25.0,10-24-23,7,False,0,1
16230,Aidan O'Connell,LV,QB,L 12-30,0.0,75.0,1.0,1.0,0.0,0.0,0.0,0.0,0.0,0.0,0.0,0.0,0.0,0.0,5.0,10.0,13.0,Chi,Away,26.0,10-24-23,7,False,0,0
16300,Brian Hoyer,LV,QB,L 12-30,14.0,129.0,0.0,2.0,0.0,0.0,0.0,0.0,0.0,0.0,0.0,0.0,0.0,0.0,1.16,17.0,32.0,Chi,Away,27.0,10-24-23,7,False,0,0
16311,Clayton Tune,Ari,QB,L 10-20,0.0,4.0,0.0,0.0,0.0,0.0,0.0,0.0,0.0,0.0,0.0,0.0,0.0,0.0,0.16,1.0,1.0,Sea,Away,28.0,10-24-23,7,False,0,0
16406,Tyler Huntley,Bal,QB,W 38-6,0.0,0.0,0.0,0.0,0.0,0.0,0.0,0.0,0.0,0.0,0.0,0.0,0.0,0.0,0.0,0.0,1.0,Det,Home,29.0,10-24-23,7,False,0,1
16584,Nathan Peterman,Chi,QB,W 30-12,0.0,0.0,0.0,0.0,2.0,-4.0,0.0,0.0,0.0,0.0,0.0,0.0,0.0,0.0,-0.4,0.0,0.0,LV,Home,30.0,10-24-23,7,False,0,1
16588,Deshaun Watson,Cle,QB,W 39-38,16.3,5.0,0.0,1.0,0.0,0.0,0.0,0.0,0.0,0.0,0.0,0.0,0.0,0.0,-1.8,1.0,5.0,Ind,Away,31.0,10-24-23,7,False,0,1
17090,Dak Prescott,Dal,QB,W 20-17,16.2,272.0,1.0,0.0,7.0,40.0,1.0,0.0,0.0,0.0,0.0,0.0,0.0,0.0,24.88,21.0,30.0,LAC,Away,1.0,10-17-23,6,False,0,1
17092,Tua Tagovailoa,Mia,QB,W 42-21,20.3,262.0,3.0,0.0,1.0,0.0,0.0,0.0,0.0,0.0,0.0,0.0,0.0,0.0,22.48,21.0,31.0,Car,Home,2.0,10-17-23,6,False,0,1
17093,Jared Goff,Det,QB,W 20-6,14.0,353.0,2.0,0.0,2.0,3.0,0.0,0.0,0.0,0.0,0.0,0.0,0.0,0.0,22.42,30.0,44.0,TB,Away,3.0,10-17-23,6,False,0,1
17101,Jalen Hurts,Phi,QB,L 14-20,21.6,280.0,1.0,3.0,8.0,47.0,1.0,0.0,0.0,0.0,0.0,0.0,0.0,0.0,19.9,28.0,45.0,NYJ,Away,4.0,10-17-23,6,False,0,0
17105,Justin Herbert,LAC,QB,L 17-20,18.6,227.0,2.0,1.0,6.0,20.0,0.0,1.0,10.0,0.0,1.0,0.0,0.0,0.0,19.08,22.0,37.0,Dal,Home,5.0,10-17-23,6,False,0,0
17107,Sam Howell,Wsh,QB,W 24-16,14.0,151.0,3.0,0.0,4.0,3.0,0.0,0.0,0.0,0.0,0.0,0.0,0.0,0.0,18.34,14.0,23.0,Atl,Away,6.0,10-17-23,6,False,0,1
17115,Patrick Mahomes,KC,QB,W 19-8,24.5,306.0,1.0,1.0,6.0,31.0,0.0,0.0,0.0,0.0,0.0,0.0,0.0,0.0,17.34,30.0,40.0,Den,Home,7.0,10-17-23,6,False,0,1
17116,Lamar Jackson,Bal,QB,W 24-16,21.4,223.0,1.0,1.0,13.0,62.0,0.0,0.0,0.0,0.0,0.0,0.0,0.0,0.0,17.12,21.0,30.0,Ten,Away,8.0,10-17-23,6,False,0,1
17123,Derek Carr,NO,QB,L 13-20,14.6,353.0,1.0,1.0,1.0,2.0,0.0,0.0,0.0,0.0,0.0,0.0,0.0,0.0,16.32,32.0,50.0,Hou,Away,9.0,10-17-23,6,False,0,0
17126,Desmond Ridder,Atl,QB,L 16-24,14.6,307.0,2.0,3.0,2.0,18.0,0.0,0.0,0.0,0.0,0.0,0.0,0.0,0.0,16.08,28.0,47.0,Wsh,Home,10.0,10-17-23,6,False,0,0
17132,Trevor Lawrence,Jax,QB,W 37-20,17.5,181.0,2.0,1.0,3.0,15.0,0.0,0.0,0.0,0.0,0.0,0.0,0.0,0.0,14.74,20.0,30.0,Ind,Home,11.0,10-17-23,6,False,0,1
17138,C.J. Stroud,Hou,QB,W 20-13,15.8,199.0,2.0,1.0,3.0,2.0,0.0,0.0,0.0,0.0,0.0,0.0,0.0,0.0,14.16,13.0,27.0,NO,Home,12.0,10-17-23,6,False,0,1
17142,Josh Allen,Buf,QB,W 14-9,22.9,169.0,2.0,1.0,2.0,11.0,0.0,0.0,0.0,0.0,0.0,0.0,0.0,0.0,13.86,19.0,30.0,NYG,Home,13.0,10-17-23,6,False,0,1
17144,Joe Burrow,Cin,QB,W 17-13,17.8,185.0,2.0,1.0,2.0,4.0,0.0,0.0,0.0,0.0,0.0,0.0,0.0,0.0,13.8,24.0,35.0,Sea,Home,14.0,10-17-23,6,False,0,1
17149,Matthew Stafford,LAR,QB,W 26-9,16.9,226.0,1.0,0.0,1.0,2.0,0.0,0.0,0.0,0.0,0.0,0.0,0.0,0.0,13.24,15.0,24.0,Ari,Home,15.0,10-17-23,6,False,0,1
17152,Bryce Young,Car,QB,L 21-42,14.9,217.0,1.0,0.0,0.0,0.0,0.0,0.0,0.0,0.0,0.0,0.0,0.0,0.0,12.68,23.0,38.0,Mia,Away,16.0,10-17-23,6,False,0,0
17166,Geno Smith,Sea,QB,L 13-17,16.3,326.0,0.0,2.0,4.0,20.0,0.0,0.0,0.0,0.0,0.0,0.0,0.0,0.0,11.04,27.0,41.0,Cin,Away,17.0,10-17-23,6,False,0,0
17168,Zach Wilson,NYJ,QB,W 20-14,13.6,186.0,0.0,0.0,4.0,15.0,0.0,0.0,0.0,0.0,0.0,0.0,0.0,0.0,10.94,19.0,33.0,Phi,Home,18.0,10-17-23,6,False,0,1
17174,Tyrod Taylor,NYG,QB,L 9-14,13.0,200.0,0.0,0.0,5.0,24.0,0.0,0.0,0.0,0.0,0.0,0.0,0.0,0.0,10.4,24.0,36.0,Buf,Away,19.0,10-17-23,6,False,0,0
17178,Joshua Dobbs,Ari,QB,L 9-26,16.3,235.0,0.0,1.0,7.0,47.0,0.0,0.0,0.0,0.0,0.0,0.0,1.0,0.0,10.1,21.0,41.0,LAR,Away,20.0,10-17-23,6,False,0,0
17181,Gardner Minshew,Ind,QB,L 20-37,13.9,329.0,1.0,3.0,2.0,4.0,0.0,0.0,0.0,0.0,0.0,0.0,1.0,0.0,9.56,33.0,55.0,Jax,Away,21.0,10-17-23,6,False,0,0
17190,Jimmy Garoppolo,LV,QB,W 21-17,12.8,162.0,1.0,1.0,2.0,4.0,0.0,0.0,0.0,0.0,0.0,0.0,0.0,0.0,8.88,14.0,22.0,NE,Home,22.0,10-17-23,6,False,0,1
17193,Kirk Cousins,Min,QB,W 19-13,20.1,181.0,1.0,0.0,2.0,-5.0,0.0,0.0,0.0,0.0,0.0,0.0,1.0,0.0,8.74,21.0,31.0,Chi,Away,23.0,10-17-23,6,False,0,1
17199,Brock Purdy,SF,QB,L 17-19,15.9,125.0,1.0,1.0,3.0,7.0,0.0,0.0,0.0,0.0,0.0,0.0,0.0,0.0,7.7,12.0,27.0,Cle,Away,24.0,10-17-23,6,False,0,0
17213,Russell Wilson,Den,QB,L 8-19,16.7,95.0,1.0,2.0,4.0,31.0,0.0,0.0,0.0,0.0,0.0,0.0,0.0,0.0,6.9,13.0,22.0,KC,Away,25.0,10-17-23,6,False,0,0
17214,Baker Mayfield,TB,QB,L 6-20,15.9,206.0,0.0,1.0,2.0,6.0,0.0,0.0,0.0,0.0,0.0,0.0,0.0,0.0,6.84,19.0,37.0,Det,Home,26.0,10-17-23,6,False,0,0
17228,Mac Jones,NE,QB,L 17-21,13.0,200.0,0.0,1.0,1.0,-1.0,0.0,0.0,0.0,0.0,0.0,0.0,0.0,0.0,5.9,24.0,33.0,LV,Away,27.0,10-17-23,6,False,0,0
17230,Tyson Bagent,Chi,QB,L 13-19,0.0,83.0,0.0,1.0,2.0,4.0,1.0,0.0,0.0,0.0,0.0,0.0,1.0,0.0,5.72,10.0,14.0,Min,Home,28.0,10-17-23,6,False,0,0
17244,Justin Fields,Chi,QB,L 13-19,20.3,58.0,0.0,1.0,8.0,46.0,0.0,0.0,0.0,0.0,0.0,0.0,0.0,0.0,4.92,6.0,10.0,Min,Home,29.0,10-17-23,6,False,0,0
17250,Malik Willis,Ten,QB,L 16-24,0.0,74.0,0.0,0.0,3.0,17.0,0.0,0.0,0.0,0.0,0.0,0.0,0.0,0.0,4.66,4.0,5.0,Bal,Home,30.0,10-17-23,6,False,0,0
17269,Brian Hoyer,LV,QB,W 21-17,0.0,102.0,0.0,0.0,3.0,-3.0,0.0,0.0,0.0,0.0,0.0,0.0,0.0,0.0,3.78,6.0,10.0,NE,Home,31.5,10-17-23,6,False,0,1
17270,PJ Walker,Cle,QB,W 19-17,12.2,192.0,0.0,2.0,3.0,1.0,0.0,0.0,0.0,0.0,0.0,0.0,0.0,0.0,3.78,18.0,34.0,SF,Home,31.5,10-17-23,6,False,0,1
17342,Ryan Tannehill,Ten,QB,L 16-24,13.3,76.0,0.0,1.0,0.0,0.0,0.0,0.0,0.0,0.0,0.0,0.0,0.0,0.0,1.04,8.0,16.0,Bal,Home,33.0,10-17-23,6,False,0,0
17418,Malik Cunningham,NE,QB,L 17-21,0.0,0.0,0.0,0.0,0.0,0.0,0.0,0.0,0.0,0.0,0.0,0.0,0.0,0.0,0.0,0.0,0.0,LV,Away,35.5,10-17-23,6,False,0,0
17447,Dorian Thompson-Robinson,Cle,QB,W 19-17,0.0,0.0,0.0,0.0,0.0,0.0,0.0,0.0,0.0,0.0,0.0,0.0,0.0,0.0,0.0,0.0,0.0,SF,Home,35.5,10-17-23,6,False,0,1
17453,Tyler Huntley,Bal,QB,W 24-16,0.0,0.0,0.0,0.0,0.0,0.0,0.0,0.0,0.0,0.0,0.0,0.0,0.0,0.0,0.0,0.0,0.0,Ten,Away,35.5,10-17-23,6,False,0,1
17459,Kyle Allen,Buf,QB,W 14-9,0.0,0.0,0.0,0.0,0.0,0.0,0.0,0.0,0.0,0.0,0.0,0.0,0.0,0.0,0.0,0.0,0.0,NYG,Home,35.5,10-17-23,6,False,0,1
17664,C.J. Beathard,Jax,QB,W 37-20,0.0,0.0,0.0,0.0,3.0,-2.0,0.0,0.0,0.0,0.0,0.0,0.0,0.0,0.0,-0.2,0.0,0.0,Ind,Home,38.0,10-17-23,6,False,0,1
17669,Mike White,Mia,QB,W 42-21,0.0,0.0,0.0,1.0,3.0,-4.0,0.0,0.0,0.0,0.0,0.0,0.0,0.0,0.0,-2.4,0.0,1.0,Car,Home,39.0,10-17-23,6,False,0,1
